imagen,nombre
http://dummyimage.com/125x100.png/cc0000/ffffff,Male
http://dummyimage.com/220x100.png/ff4444/ffffff,Female
http://dummyimage.com/147x100.png/dddddd/000000,Male
http://dummyimage.com/157x100.png/dddddd/000000,Male
http://dummyimage.com/146x100.png/5fa2dd/ffffff,Male
http://dummyimage.com/213x100.png/ff4444/ffffff,Male
http://dummyimage.com/237x100.png/cc0000/ffffff,Male
http://dummyimage.com/126x100.png/cc0000/ffffff,Polygender
http://dummyimage.com/232x100.png/ff4444/ffffff,Male
http://dummyimage.com/212x100.png/ff4444/ffffff,Female
