edad,historia,imagen,nombre,peso
2,3-300 - Footings,http://dummyimage.com/228x100.png/dddddd/000000,Saidee,123.34
72,11-400 - Food Service Equipment,http://dummyimage.com/116x100.png/cc0000/ffffff,Elvis,53.27
83,4-700 - Simulated Masonry,http://dummyimage.com/118x100.png/dddddd/000000,Marylinda,122.09
37,1-540 - Construction Aids,http://dummyimage.com/238x100.png/ff4444/ffffff,Fanchon,28.18
69,8-800 - Glazing,http://dummyimage.com/156x100.png/5fa2dd/ffffff,Erroll,21.93
10,11-010 - Maintenance Equipment,http://dummyimage.com/159x100.png/5fa2dd/ffffff,Brandais,123.27
12,8-200 - Wood and Plastic Doors,http://dummyimage.com/249x100.png/cc0000/ffffff,Olwen,87.65
72,6-500 - Structural Plastics,http://dummyimage.com/126x100.png/ff4444/ffffff,Lilyan,4.74
62,11-660 - Observatory Equipment,http://dummyimage.com/165x100.png/5fa2dd/ffffff,Gertie,5.19
64,5-200 - Metal Joists,http://dummyimage.com/150x100.png/cc0000/ffffff,Caria,138.06
32,15-050 - Basic Mechanical Materials and Methods,http://dummyimage.com/235x100.png/5fa2dd/ffffff,Rodolph,87.05
19,16-500 - Lighting,http://dummyimage.com/112x100.png/cc0000/ffffff,Emmit,60.97
78,6 - Wood and Plastics,http://dummyimage.com/120x100.png/ff4444/ffffff,Vera,103.86
46,10-750 - Telephone Specialties,http://dummyimage.com/147x100.png/5fa2dd/ffffff,Wald,139.5
47,11-150 - Parking Control Equipment,http://dummyimage.com/128x100.png/cc0000/ffffff,Filberto,81.83
55,7 - Thermal and Moisture Protection,http://dummyimage.com/243x100.png/dddddd/000000,Hervey,99.31
15,13-200 - Storage Tanks,http://dummyimage.com/175x100.png/ff4444/ffffff,Florenza,63.71
61,11-780 - Mortuary Equipment,http://dummyimage.com/176x100.png/ff4444/ffffff,Corbet,66.81
46,16-100 - Electrical,http://dummyimage.com/195x100.png/5fa2dd/ffffff,Felicity,80.55
4,14-800 - Scaffolding,http://dummyimage.com/106x100.png/ff4444/ffffff,Alameda,84.32
77,13-110 - Cathodic Protection,http://dummyimage.com/226x100.png/ff4444/ffffff,Bettye,65.92
84,2-781 - Asphalt Pavers,http://dummyimage.com/165x100.png/ff4444/ffffff,Gavan,128.85
84,13-020 - Building Modules,http://dummyimage.com/232x100.png/dddddd/000000,Christiano,39.09
96,2-820 - Fences and Gates,http://dummyimage.com/213x100.png/5fa2dd/ffffff,Gnni,130.13
18,2-784 - Stone Unit Pavers,http://dummyimage.com/232x100.png/5fa2dd/ffffff,Mollie,2.05
89,10-750 - Telephone Specialties,http://dummyimage.com/164x100.png/5fa2dd/ffffff,Cherida,130.37
89,9-250 - Gypsum Wallboard,http://dummyimage.com/157x100.png/5fa2dd/ffffff,Archibaldo,27.58
70,7-050 - Basic Thermal and Moisture Protection Materials and Methods,http://dummyimage.com/128x100.png/ff4444/ffffff,Lamont,31.71
46,11-100 - Mercantile Equipment,http://dummyimage.com/192x100.png/dddddd/000000,Alphard,118.98
99,13-165 - Aquatic Park Facilities,http://dummyimage.com/210x100.png/cc0000/ffffff,Pauly,2.46
69,11-030 - Teller and Service Equipment,http://dummyimage.com/143x100.png/ff4444/ffffff,Tanhya,139.52
54,6-900 - Wood and Plastic Restoration and Cleaning,http://dummyimage.com/240x100.png/5fa2dd/ffffff,Iago,112.45
16,11-200 - Water Supply and Treatment Equipment,http://dummyimage.com/183x100.png/ff4444/ffffff,Walden,149.08
10,5-700 - Ornamental Metal,http://dummyimage.com/203x100.png/ff4444/ffffff,Waylon,6.57
8,13-100 - Lightning Protection,http://dummyimage.com/182x100.png/5fa2dd/ffffff,Ramsey,116.21
76,11-660 - Observatory Equipment,http://dummyimage.com/112x100.png/ff4444/ffffff,Nero,106.19
39,2-740 - Flexible Pavement Asphalt Pavement,http://dummyimage.com/201x100.png/5fa2dd/ffffff,Dorene,145.74
69,13-020 - Building Modules,http://dummyimage.com/196x100.png/ff4444/ffffff,Patience,94.16
44,13-800 - Building Automation and Control,http://dummyimage.com/231x100.png/cc0000/ffffff,Valerie,126.58
53,11-900 - Exhibit Equipment,http://dummyimage.com/102x100.png/ff4444/ffffff,Ingrim,117.85
92,11-900 - Exhibit Equipment,http://dummyimage.com/168x100.png/5fa2dd/ffffff,Dinnie,38.35
1,2-932 - PLants and Bulbs,http://dummyimage.com/185x100.png/5fa2dd/ffffff,Salomon,71.07
57,9-600 - Flooring,http://dummyimage.com/197x100.png/5fa2dd/ffffff,Ibrahim,43.59
3,11-660 - Observatory Equipment,http://dummyimage.com/152x100.png/dddddd/000000,Inessa,38.65
9,"11-480 - Athletic, Recreational, and Therapeutic Equipment",http://dummyimage.com/102x100.png/5fa2dd/ffffff,Kayla,14.79
71,11-300 - Fluid Waste Treatment and Disposal Equipment,http://dummyimage.com/239x100.png/ff4444/ffffff,Daphna,117.92
8,3-230 - Anchor Bolts,http://dummyimage.com/228x100.png/dddddd/000000,Damaris,102.73
32,13-185 - Kennels and Animal Shelters,http://dummyimage.com/169x100.png/5fa2dd/ffffff,Lorie,17.89
94,2-000 - General,http://dummyimage.com/234x100.png/ff4444/ffffff,Valentine,133.06
11,2-316 - Backfilling,http://dummyimage.com/175x100.png/5fa2dd/ffffff,Randolf,32.19
12,14 - Conveying Systems,http://dummyimage.com/216x100.png/cc0000/ffffff,Gibbie,146.81
7,9-100 - Metal Support Assemblies,http://dummyimage.com/135x100.png/ff4444/ffffff,Olympe,116.78
62,17-020 - Insurance,http://dummyimage.com/195x100.png/dddddd/000000,Cristie,124.26
21,8-500 - Windows,http://dummyimage.com/177x100.png/dddddd/000000,Jorry,126.78
53,"7-300 - Shingles, Roof Tiles, and Roof Coverings",http://dummyimage.com/101x100.png/ff4444/ffffff,Loren,100.51
57,16-200 - Electrical Power,http://dummyimage.com/224x100.png/ff4444/ffffff,Ivonne,87.64
66,11-060 - Theater and Stage Equipment,http://dummyimage.com/205x100.png/dddddd/000000,Jerrold,30.55
47,2-250 - Shoring and Underpinning,http://dummyimage.com/130x100.png/dddddd/000000,Tracie,55.48
23,10-300 - Fireplaces and Stoves,http://dummyimage.com/151x100.png/ff4444/ffffff,Gerri,134.76
37,2-316 - Backfilling,http://dummyimage.com/131x100.png/dddddd/000000,Gabriela,95.64
98,2-540 - Septic Tank,http://dummyimage.com/238x100.png/5fa2dd/ffffff,Vincenty,72.39
56,13-850 - Detection and Alarm,http://dummyimage.com/166x100.png/ff4444/ffffff,Guillaume,1.47
66,8-900 - Glazed Curtain Wall,http://dummyimage.com/200x100.png/5fa2dd/ffffff,Terry,27.65
35,11-600 - Laboratory Equipment,http://dummyimage.com/192x100.png/cc0000/ffffff,Davy,42.55
9,12 - Furnishings,http://dummyimage.com/216x100.png/dddddd/000000,Dorie,91.13
65,13-165 - Aquatic Park Facilities,http://dummyimage.com/202x100.png/dddddd/000000,Grace,111.78
44,1-515 - Temporary Lighting,http://dummyimage.com/219x100.png/ff4444/ffffff,Anny,37.04
10,1-500 - Temporary Facilities and Controls,http://dummyimage.com/110x100.png/dddddd/000000,Dion,130.43
68,1-511 - Temporary Electricity,http://dummyimage.com/218x100.png/ff4444/ffffff,Terrel,25.13
73,15-500 - Heat-Generation Equipment,http://dummyimage.com/224x100.png/5fa2dd/ffffff,Doretta,67.55
97,11-780 - Mortuary Equipment,http://dummyimage.com/165x100.png/dddddd/000000,Kearney,138.34
45,2-540 - Septic Tank,http://dummyimage.com/188x100.png/ff4444/ffffff,Christal,103.3
70,11-450 - Residential Equipment,http://dummyimage.com/164x100.png/cc0000/ffffff,Raimondo,2.98
47,7-050 - Basic Thermal and Moisture Protection Materials and Methods,http://dummyimage.com/188x100.png/dddddd/000000,Bill,68.23
5,3-330 - Poured Concrete Basement Walls,http://dummyimage.com/209x100.png/5fa2dd/ffffff,Herbert,115.54
50,5-800 - Expansion Control,http://dummyimage.com/138x100.png/5fa2dd/ffffff,Tully,28.6
28,2-200 - Site Preparation,http://dummyimage.com/244x100.png/ff4444/ffffff,Glory,5.61
100,1 - General Requirements,http://dummyimage.com/111x100.png/ff4444/ffffff,Katee,69.02
80,3-350 - Concrete Finishing,http://dummyimage.com/114x100.png/dddddd/000000,Ilysa,121.12
66,12-100 - Art,http://dummyimage.com/189x100.png/dddddd/000000,Hesther,13.61
84,1-540 - Construction Aids,http://dummyimage.com/133x100.png/cc0000/ffffff,Thia,115.44
20,15-600 - Refrigeration Equipment,http://dummyimage.com/197x100.png/ff4444/ffffff,Haley,88.73
11,2-000 - General,http://dummyimage.com/200x100.png/5fa2dd/ffffff,Yvon,40.83
46,8 - Doors and Windows,http://dummyimage.com/223x100.png/ff4444/ffffff,Layla,140.39
56,13-175 - Ice Rinks,http://dummyimage.com/191x100.png/cc0000/ffffff,Isador,46.68
7,"1-514 - Temporary Heating, Cooling and Ventilation",http://dummyimage.com/189x100.png/cc0000/ffffff,Addison,98.17
43,11-170 - Solid Waste Handling Equipment,http://dummyimage.com/103x100.png/dddddd/000000,Mozelle,9.02
20,11-060 - Theater and Stage Equipment,http://dummyimage.com/101x100.png/5fa2dd/ffffff,Ruddie,101.47
52,11-870 - Agricultural Equipment,http://dummyimage.com/104x100.png/5fa2dd/ffffff,Roddie,132.16
93,12-700 - Systems Furniture,http://dummyimage.com/178x100.png/5fa2dd/ffffff,Saudra,90.64
40,11-020 - Security and Vault Equipment,http://dummyimage.com/114x100.png/cc0000/ffffff,Skipton,110.69
6,1 - General Requirements,http://dummyimage.com/158x100.png/ff4444/ffffff,Daveta,117.2
71,2-362 - Termite Control,http://dummyimage.com/214x100.png/ff4444/ffffff,Alfred,24.45
70,11-060 - Theater and Stage Equipment,http://dummyimage.com/128x100.png/ff4444/ffffff,Starla,91.87
22,13-185 - Kennels and Animal Shelters,http://dummyimage.com/190x100.png/cc0000/ffffff,Erroll,96.05
61,2-919 - Topsoil,http://dummyimage.com/245x100.png/cc0000/ffffff,Kirby,138.77
87,16-100 - Electrical,http://dummyimage.com/114x100.png/ff4444/ffffff,Ephraim,27.41
83,1-010 - Project Manager,http://dummyimage.com/229x100.png/ff4444/ffffff,Lorant,94.83
34,3-400 - Precast Concrete,http://dummyimage.com/146x100.png/dddddd/000000,Ashlen,2.43
1,14-200 - Elevators,http://dummyimage.com/121x100.png/ff4444/ffffff,Washington,81.02
12,13-170 - Tubs and Pools,http://dummyimage.com/161x100.png/dddddd/000000,Antone,118.28
83,14-600 - Hoists and Cables,http://dummyimage.com/119x100.png/dddddd/000000,Cornelle,119.44
33,4-900 - Masonry Restoration and Cleaning,http://dummyimage.com/130x100.png/dddddd/000000,Bartlett,3.14
46,13-010 - Air-Supported Structures,http://dummyimage.com/159x100.png/cc0000/ffffff,Tiler,126.5
82,17-020 - Insurance,http://dummyimage.com/125x100.png/ff4444/ffffff,Ben,11.76
45,2-240 - Dewatering,http://dummyimage.com/127x100.png/cc0000/ffffff,Odella,113.91
53,2-936 - Fertilizer,http://dummyimage.com/154x100.png/dddddd/000000,Sidonia,5.53
83,10-750 - Telephone Specialties,http://dummyimage.com/134x100.png/cc0000/ffffff,Zulema,74.87
38,2-812 - Drip Irrigation,http://dummyimage.com/160x100.png/dddddd/000000,Danyette,29.01
61,4-800 - Masonry Assemblies,http://dummyimage.com/242x100.png/cc0000/ffffff,Ophelia,83.48
13,10-880 - Scales,http://dummyimage.com/220x100.png/ff4444/ffffff,Joanna,64.63
86,13-700 - Security Access and Surveillance,http://dummyimage.com/167x100.png/cc0000/ffffff,Benni,124.79
43,3-350 - Concrete Finishing,http://dummyimage.com/189x100.png/dddddd/000000,Vanna,6.95
69,12-500 - Furniture,http://dummyimage.com/191x100.png/ff4444/ffffff,Edgar,115.21
7,12-050 - Fabrics,http://dummyimage.com/143x100.png/5fa2dd/ffffff,Dmitri,138.17
73,2-915 - Mulch,http://dummyimage.com/127x100.png/5fa2dd/ffffff,Flss,136.25
70,5 - Metals,http://dummyimage.com/224x100.png/dddddd/000000,Sharai,125.7
65,1-510 - Temporary Utilities,http://dummyimage.com/225x100.png/ff4444/ffffff,Greta,66.29
20,13-600 - Solar and Wind Energy Equipment,http://dummyimage.com/197x100.png/dddddd/000000,Nixie,87.41
46,2-870 - Sculpture/Ornamental,http://dummyimage.com/191x100.png/cc0000/ffffff,Lyman,49.07
89,12-700 - Systems Furniture,http://dummyimage.com/249x100.png/dddddd/000000,Kelsy,110.16
16,10-520 - Fire Protection Specialties,http://dummyimage.com/244x100.png/5fa2dd/ffffff,Kip,125.12
40,5-700 - Ornamental Metal,http://dummyimage.com/156x100.png/cc0000/ffffff,Mollie,43.67
84,9-300 - Tile,http://dummyimage.com/174x100.png/ff4444/ffffff,Liesa,20.1
81,10-270 - Access Flooring,http://dummyimage.com/165x100.png/5fa2dd/ffffff,Darrick,4.26
70,4-700 - Simulated Masonry,http://dummyimage.com/100x100.png/ff4444/ffffff,Bibbye,144.76
97,3 - Concrete,http://dummyimage.com/193x100.png/ff4444/ffffff,Yolanda,132.6
96,6-050 - Basic Wood and Plastic Materials and Methods,http://dummyimage.com/177x100.png/5fa2dd/ffffff,Effie,35.64
26,8-200 - Wood and Plastic Doors,http://dummyimage.com/119x100.png/dddddd/000000,Faustine,129.19
72,1-542 - Construction Scaffolding and Platforms,http://dummyimage.com/110x100.png/5fa2dd/ffffff,Skipper,88.89
24,9-300 - Tile,http://dummyimage.com/157x100.png/ff4444/ffffff,Kasper,56.34
14,3-400 - Precast Concrete,http://dummyimage.com/200x100.png/dddddd/000000,Noelani,68.17
42,12-400 - Furnishings and Accessories,http://dummyimage.com/223x100.png/5fa2dd/ffffff,Conney,38.35
67,13-110 - Cathodic Protection,http://dummyimage.com/218x100.png/cc0000/ffffff,Ainsley,69.52
88,9 - Finishes,http://dummyimage.com/108x100.png/cc0000/ffffff,Cristal,85.89
58,7-500 - Membrane Roofing,http://dummyimage.com/155x100.png/dddddd/000000,Roldan,136.85
52,11-030 - Teller and Service Equipment,http://dummyimage.com/176x100.png/ff4444/ffffff,Adam,106.69
80,1-511 - Temporary Electricity,http://dummyimage.com/249x100.png/5fa2dd/ffffff,Tersina,32.92
86,8-100 - Doors,http://dummyimage.com/182x100.png/dddddd/000000,Kristy,32.59
74,15-100 - Plumbing,http://dummyimage.com/170x100.png/ff4444/ffffff,Dollie,81.27
80,15-400 - Plumbing Fixtures and Equipment,http://dummyimage.com/208x100.png/5fa2dd/ffffff,Nerissa,56.29
80,17-030 - Bond,http://dummyimage.com/237x100.png/dddddd/000000,Sauncho,124.77
10,7-400 - Roofing and Siding Panels,http://dummyimage.com/208x100.png/dddddd/000000,Selma,120.15
54,15-300 - Fire Protection Piping,http://dummyimage.com/111x100.png/ff4444/ffffff,Carrie,124.13
43,2-795 - Porous Paving,http://dummyimage.com/220x100.png/5fa2dd/ffffff,Aleen,38.27
9,8-800 - Glazing,http://dummyimage.com/178x100.png/dddddd/000000,Payton,127.67
56,15-200 - Process Piping,http://dummyimage.com/198x100.png/ff4444/ffffff,Rowen,58.4
94,13-240 - Oxygenation Systems,http://dummyimage.com/244x100.png/5fa2dd/ffffff,Elbert,69.53
41,10-530 - Protective Covers,http://dummyimage.com/243x100.png/cc0000/ffffff,Lambert,127.46
70,13-165 - Aquatic Park Facilities,http://dummyimage.com/169x100.png/dddddd/000000,Ingmar,78.12
28,6-200 - Finish Carpentry,http://dummyimage.com/103x100.png/ff4444/ffffff,Aldridge,123.24
55,2-782 - Brick Pavers,http://dummyimage.com/192x100.png/cc0000/ffffff,Alphard,112.61
64,2-812 - Drip Irrigation,http://dummyimage.com/229x100.png/cc0000/ffffff,Lonnie,102.7
48,10-750 - Telephone Specialties,http://dummyimage.com/224x100.png/cc0000/ffffff,Danya,134.07
50,4-600 - Corrosion-Resistant Masonry,http://dummyimage.com/200x100.png/cc0000/ffffff,Shelby,71.48
87,17-020 - Insurance,http://dummyimage.com/161x100.png/cc0000/ffffff,Cathi,146.23
65,13-240 - Oxygenation Systems,http://dummyimage.com/238x100.png/5fa2dd/ffffff,Arlinda,111.52
1,2-740 - Flexible Pavement Asphalt Pavement,http://dummyimage.com/147x100.png/ff4444/ffffff,Evan,133.98
53,16-500 - Lighting,http://dummyimage.com/112x100.png/dddddd/000000,Ursa,128.15
61,11 - Equipment,http://dummyimage.com/232x100.png/ff4444/ffffff,Weylin,1.43
26,11-300 - Fluid Waste Treatment and Disposal Equipment,http://dummyimage.com/110x100.png/cc0000/ffffff,Banky,65.09
24,2-320 - Excavation and Fill,http://dummyimage.com/139x100.png/5fa2dd/ffffff,Barnie,83.09
9,3-210 - Cast-In-Place Concrete,http://dummyimage.com/100x100.png/ff4444/ffffff,Bertine,106.0
83,10-450 - Pedestrian Control Devices,http://dummyimage.com/162x100.png/cc0000/ffffff,Cull,76.39
32,6-400 - Architectural Woodwork,http://dummyimage.com/197x100.png/ff4444/ffffff,Shanna,117.99
38,8-300 - Specialty Doors,http://dummyimage.com/206x100.png/5fa2dd/ffffff,Mason,102.86
31,16-200 - Electrical Power,http://dummyimage.com/174x100.png/dddddd/000000,Kean,62.67
55,11-200 - Water Supply and Treatment Equipment,http://dummyimage.com/101x100.png/ff4444/ffffff,Evangelin,123.29
45,13-550 - Transportation Control Instrumentation,http://dummyimage.com/244x100.png/ff4444/ffffff,Aubert,108.96
50,3-400 - Precast Concrete,http://dummyimage.com/153x100.png/ff4444/ffffff,Berne,31.35
49,10-450 - Pedestrian Control Devices,http://dummyimage.com/195x100.png/5fa2dd/ffffff,Samuel,146.31
56,2-621 - Foundatation Drainage Piping,http://dummyimage.com/152x100.png/5fa2dd/ffffff,Ring,38.86
26,13-850 - Detection and Alarm,http://dummyimage.com/123x100.png/5fa2dd/ffffff,Arni,29.41
92,12-600 - Multiple Seating,http://dummyimage.com/237x100.png/dddddd/000000,Margaux,22.12
12,1-510 - Temporary Utilities,http://dummyimage.com/231x100.png/cc0000/ffffff,Ethelda,149.9
19,3 - Concrete,http://dummyimage.com/177x100.png/cc0000/ffffff,Mona,66.88
73,11-020 - Security and Vault Equipment,http://dummyimage.com/188x100.png/cc0000/ffffff,Susann,100.42
57,14-900 - Transportation,http://dummyimage.com/164x100.png/ff4444/ffffff,Sidoney,136.76
51,13-090 - Radiation Protection,http://dummyimage.com/245x100.png/5fa2dd/ffffff,Billi,37.36
59,1-523 - Sanitary Facilities,http://dummyimage.com/202x100.png/ff4444/ffffff,Obediah,44.42
41,1-517 - Temporary Telephone,http://dummyimage.com/189x100.png/5fa2dd/ffffff,Wenonah,144.78
44,3-230 - Anchor Bolts,http://dummyimage.com/239x100.png/5fa2dd/ffffff,Wyn,108.84
65,16-500 - Lighting,http://dummyimage.com/101x100.png/dddddd/000000,Arvy,38.12
33,11-060 - Theater and Stage Equipment,http://dummyimage.com/175x100.png/5fa2dd/ffffff,Dannye,98.86
38,6 - Wood and Plastics,http://dummyimage.com/103x100.png/ff4444/ffffff,Henryetta,128.56
24,11-660 - Observatory Equipment,http://dummyimage.com/149x100.png/ff4444/ffffff,Lane,28.19
63,15-100 - Plumbing,http://dummyimage.com/226x100.png/dddddd/000000,Jordon,120.47
69,2-822 - Ornamental Metal Fences and Gates,http://dummyimage.com/168x100.png/5fa2dd/ffffff,Lonnie,136.67
95,14-600 - Hoists and Cables,http://dummyimage.com/247x100.png/dddddd/000000,Herta,112.16
61,2-320 - Excavation and Fill,http://dummyimage.com/133x100.png/dddddd/000000,Justino,58.78
16,13-900 - Fire Suppression,http://dummyimage.com/152x100.png/5fa2dd/ffffff,Faun,55.95
6,1-550 - Vehicular Access and Parking,http://dummyimage.com/212x100.png/ff4444/ffffff,Gertrudis,82.35
86,10-670 - Storage Shelving,http://dummyimage.com/222x100.png/ff4444/ffffff,Thomasa,120.94
86,11-200 - Water Supply and Treatment Equipment,http://dummyimage.com/118x100.png/dddddd/000000,Cassondra,77.63
45,15-400 - Plumbing Fixtures and Equipment,http://dummyimage.com/241x100.png/ff4444/ffffff,Lorie,4.92
60,2 - Site Construction,http://dummyimage.com/144x100.png/cc0000/ffffff,Corabella,148.76
20,13-175 - Ice Rinks,http://dummyimage.com/165x100.png/5fa2dd/ffffff,Hasty,145.23
12,11-150 - Parking Control Equipment,http://dummyimage.com/162x100.png/cc0000/ffffff,Aharon,56.91
3,10-450 - Pedestrian Control Devices,http://dummyimage.com/245x100.png/dddddd/000000,Tore,95.79
86,2-770 - Curb and Gutters,http://dummyimage.com/185x100.png/5fa2dd/ffffff,Niko,60.35
97,2-230 - Site Clearing,http://dummyimage.com/230x100.png/ff4444/ffffff,Kelwin,124.55
75,3-000 - General,http://dummyimage.com/123x100.png/ff4444/ffffff,Keefer,106.18
27,4-050 - Basic Masonry Materials and Methods,http://dummyimage.com/141x100.png/dddddd/000000,Paddie,67.1
66,1-700 - Execution Requirements,http://dummyimage.com/103x100.png/cc0000/ffffff,Bryna,111.18
48,2-815 - Fountains,http://dummyimage.com/188x100.png/dddddd/000000,Athene,145.67
90,1-903 - Hazardous Materials Abatement,http://dummyimage.com/240x100.png/ff4444/ffffff,Mariska,22.26
85,3-350 - Concrete Finishing,http://dummyimage.com/126x100.png/ff4444/ffffff,Windy,116.33
67,4 - Masonry,http://dummyimage.com/113x100.png/cc0000/ffffff,Mohandis,44.16
85,7-100 - Damproofing and Waterproofing,http://dummyimage.com/221x100.png/cc0000/ffffff,Ferdinanda,76.92
43,10-900 - Wardrobe and Closet Specialties,http://dummyimage.com/174x100.png/dddddd/000000,Boone,10.31
56,4 - Masonry,http://dummyimage.com/179x100.png/ff4444/ffffff,Pearl,79.95
50,12-100 - Art,http://dummyimage.com/233x100.png/ff4444/ffffff,Jess,91.86
78,2-932 - PLants and Bulbs,http://dummyimage.com/193x100.png/cc0000/ffffff,Bear,19.98
53,16-100 - Electrical,http://dummyimage.com/243x100.png/5fa2dd/ffffff,Lorenzo,47.57
100,7 - Thermal and Moisture Protection,http://dummyimage.com/164x100.png/5fa2dd/ffffff,Dasi,35.31
64,16-050 - Basic Electrical Materials and Methods,http://dummyimage.com/241x100.png/ff4444/ffffff,Sibylla,65.43
31,8-500 - Windows,http://dummyimage.com/193x100.png/dddddd/000000,Eilis,93.49
34,2-311 - Final Grading,http://dummyimage.com/160x100.png/dddddd/000000,Chanda,13.7
13,9-600 - Flooring,http://dummyimage.com/184x100.png/dddddd/000000,Ingeborg,119.28
48,"15-700 - Heating, Venting and Air Conditioning",http://dummyimage.com/165x100.png/ff4444/ffffff,Arte,62.54
27,11-070 - Instrumental Equipment,http://dummyimage.com/127x100.png/5fa2dd/ffffff,Mireielle,86.79
53,2-781 - Asphalt Pavers,http://dummyimage.com/209x100.png/dddddd/000000,Romeo,93.57
84,17-030 - Bond,http://dummyimage.com/143x100.png/cc0000/ffffff,Winston,35.42
100,15-100 - Plumbing,http://dummyimage.com/161x100.png/5fa2dd/ffffff,Rosalinde,42.43
2,"13-080 - Sound, Vibration, and Seismic Control",http://dummyimage.com/222x100.png/5fa2dd/ffffff,Sherri,35.54
100,13-900 - Fire Suppression,http://dummyimage.com/209x100.png/cc0000/ffffff,Nettie,113.58
87,11-130 - Audio-Visual Equipment,http://dummyimage.com/137x100.png/dddddd/000000,Hilde,139.49
41,11-870 - Agricultural Equipment,http://dummyimage.com/174x100.png/5fa2dd/ffffff,Auroora,31.47
16,11-460 - Unit Kitchens,http://dummyimage.com/214x100.png/ff4444/ffffff,Erny,2.59
82,11-650 - Planetarium Equipment,http://dummyimage.com/219x100.png/ff4444/ffffff,Alwyn,138.88
4,15-200 - Process Piping,http://dummyimage.com/100x100.png/cc0000/ffffff,Akim,113.64
84,9-050 - Basic Finish Materials and Methods,http://dummyimage.com/142x100.png/5fa2dd/ffffff,Nial,69.02
9,2-750 - Concrete Pads and Walks,http://dummyimage.com/217x100.png/5fa2dd/ffffff,Barnaby,137.78
21,3-320 - Slab Foundations,http://dummyimage.com/142x100.png/dddddd/000000,Melany,50.67
32,7-100 - Damproofing and Waterproofing,http://dummyimage.com/237x100.png/dddddd/000000,Juliane,29.34
48,10-100 - Visual Display Boards,http://dummyimage.com/146x100.png/5fa2dd/ffffff,Becka,47.57
72,3-000 - General,http://dummyimage.com/197x100.png/cc0000/ffffff,Dall,117.55
55,10-290 - Pest Control,http://dummyimage.com/152x100.png/ff4444/ffffff,Rance,12.78
84,1-011 - Project Engineer,http://dummyimage.com/210x100.png/ff4444/ffffff,Lazarus,25.49
12,1-542 - Construction Scaffolding and Platforms,http://dummyimage.com/131x100.png/dddddd/000000,Rani,83.45
20,2-812 - Drip Irrigation,http://dummyimage.com/105x100.png/ff4444/ffffff,Rhody,103.02
72,5-600 - Hydraulic Fabrications,http://dummyimage.com/154x100.png/5fa2dd/ffffff,Raimund,147.64
90,2-900 - Landscaping,http://dummyimage.com/228x100.png/5fa2dd/ffffff,Karrie,58.98
33,2-230 - Site Clearing,http://dummyimage.com/186x100.png/5fa2dd/ffffff,Lane,34.08
82,16-100 - Electrical,http://dummyimage.com/198x100.png/ff4444/ffffff,Morlee,85.08
18,13-600 - Solar and Wind Energy Equipment,http://dummyimage.com/130x100.png/5fa2dd/ffffff,Edwina,146.41
36,11-110 - Commercial Laundry and Dry Cleaning Equipment,http://dummyimage.com/242x100.png/cc0000/ffffff,Alanah,61.92
80,16-100 - Electrical,http://dummyimage.com/192x100.png/5fa2dd/ffffff,Heddi,73.33
99,1 - General Requirements,http://dummyimage.com/105x100.png/cc0000/ffffff,Joya,98.99
12,10-270 - Access Flooring,http://dummyimage.com/208x100.png/ff4444/ffffff,Saundra,102.78
98,2-621 - Foundatation Drainage Piping,http://dummyimage.com/115x100.png/ff4444/ffffff,Jocelin,111.28
97,17-010 - Contingency,http://dummyimage.com/218x100.png/5fa2dd/ffffff,Lucky,1.58
85,2-220 - Site Demolition,http://dummyimage.com/133x100.png/dddddd/000000,Elisabeth,48.67
48,13-175 - Ice Rinks,http://dummyimage.com/220x100.png/ff4444/ffffff,Jessee,2.81
75,12-900 - Furnishings Restoration and Repair,http://dummyimage.com/123x100.png/5fa2dd/ffffff,Avivah,98.3
87,17-040 - Profit,http://dummyimage.com/114x100.png/dddddd/000000,Gerrie,107.79
4,16-300 - Transmission and Distribution,http://dummyimage.com/135x100.png/5fa2dd/ffffff,Umeko,30.11
49,13-800 - Building Automation and Control,http://dummyimage.com/179x100.png/ff4444/ffffff,Betsy,112.35
52,11-780 - Mortuary Equipment,http://dummyimage.com/210x100.png/dddddd/000000,Rebecka,47.39
16,"15-700 - Heating, Venting and Air Conditioning",http://dummyimage.com/240x100.png/cc0000/ffffff,Terry,85.79
86,14-800 - Scaffolding,http://dummyimage.com/203x100.png/cc0000/ffffff,Ara,31.45
5,5-900 - Metal Restoration and Cleaning,http://dummyimage.com/162x100.png/ff4444/ffffff,Prentiss,49.92
7,12-900 - Furnishings Restoration and Repair,http://dummyimage.com/233x100.png/cc0000/ffffff,Phedra,1.76
99,2-825 - Wood Fences and Gates,http://dummyimage.com/182x100.png/cc0000/ffffff,Delores,91.62
23,12-050 - Fabrics,http://dummyimage.com/116x100.png/ff4444/ffffff,Carine,88.71
60,6-100 - Rough Carpentry,http://dummyimage.com/174x100.png/cc0000/ffffff,Mark,105.11
75,11-870 - Agricultural Equipment,http://dummyimage.com/235x100.png/5fa2dd/ffffff,Mollee,77.1
60,1 - General Requirements,http://dummyimage.com/232x100.png/ff4444/ffffff,Sophia,5.75
96,1-630 - Product Substitution Procedures,http://dummyimage.com/138x100.png/ff4444/ffffff,Lissy,79.16
78,10-530 - Protective Covers,http://dummyimage.com/191x100.png/ff4444/ffffff,Yale,66.62
66,16-400 - Low-Voltage Distribution,http://dummyimage.com/198x100.png/ff4444/ffffff,Heidi,85.26
65,13-500 - Recording Instrumentation,http://dummyimage.com/112x100.png/dddddd/000000,Alasteir,135.48
26,12-400 - Furnishings and Accessories,http://dummyimage.com/166x100.png/cc0000/ffffff,Francklyn,11.38
56,12-100 - Art,http://dummyimage.com/153x100.png/ff4444/ffffff,Joana,43.65
84,6-600 - Plastic Fabrications,http://dummyimage.com/100x100.png/5fa2dd/ffffff,Cathryn,117.03
66,15-200 - Process Piping,http://dummyimage.com/188x100.png/5fa2dd/ffffff,Shanon,144.39
22,10-450 - Pedestrian Control Devices,http://dummyimage.com/219x100.png/dddddd/000000,Sabra,138.02
33,6-200 - Finish Carpentry,http://dummyimage.com/118x100.png/5fa2dd/ffffff,Shellysheldon,23.75
29,13-100 - Lightning Protection,http://dummyimage.com/195x100.png/dddddd/000000,Ricoriki,49.16
93,2-800 - Site Amenities,http://dummyimage.com/123x100.png/dddddd/000000,Vitia,48.44
23,11-870 - Agricultural Equipment,http://dummyimage.com/194x100.png/dddddd/000000,Verge,33.64
50,1-012 - Superintendent,http://dummyimage.com/109x100.png/cc0000/ffffff,Corette,114.82
80,1-550 - Vehicular Access and Parking,http://dummyimage.com/247x100.png/5fa2dd/ffffff,Benedick,85.6
33,7-700 - Roof Specialties and Accessories,http://dummyimage.com/211x100.png/ff4444/ffffff,Othella,38.9
28,11-460 - Unit Kitchens,http://dummyimage.com/236x100.png/dddddd/000000,Miller,14.84
28,14-800 - Scaffolding,http://dummyimage.com/123x100.png/5fa2dd/ffffff,Jesse,115.53
77,13-900 - Fire Suppression,http://dummyimage.com/141x100.png/ff4444/ffffff,Orelee,115.12
29,8-050 - Basic Door and Window Materials and Methods,http://dummyimage.com/139x100.png/cc0000/ffffff,Brucie,37.97
29,8-300 - Specialty Doors,http://dummyimage.com/214x100.png/dddddd/000000,Waring,110.44
15,13-100 - Lightning Protection,http://dummyimage.com/122x100.png/5fa2dd/ffffff,Burnaby,140.21
39,8-200 - Wood and Plastic Doors,http://dummyimage.com/237x100.png/5fa2dd/ffffff,Barnett,148.06
94,10-450 - Pedestrian Control Devices,http://dummyimage.com/172x100.png/cc0000/ffffff,Deeann,16.24
10,15-800 - Air Distribution,http://dummyimage.com/106x100.png/5fa2dd/ffffff,Virgilio,79.19
54,"1-514 - Temporary Heating, Cooling and Ventilation",http://dummyimage.com/212x100.png/5fa2dd/ffffff,Melli,99.3
95,12-600 - Multiple Seating,http://dummyimage.com/102x100.png/5fa2dd/ffffff,Aubrette,115.64
73,1-580 - Project Identification,http://dummyimage.com/250x100.png/5fa2dd/ffffff,Darwin,116.87
44,17 - Markup and Contingency,http://dummyimage.com/111x100.png/dddddd/000000,Kate,38.37
28,11-660 - Observatory Equipment,http://dummyimage.com/150x100.png/dddddd/000000,Marty,141.6
78,2-812 - Drip Irrigation,http://dummyimage.com/250x100.png/dddddd/000000,Olympie,45.69
27,10-520 - Fire Protection Specialties,http://dummyimage.com/225x100.png/ff4444/ffffff,Cissiee,51.56
47,13-230 - Digester Covers and Appurtenances,http://dummyimage.com/103x100.png/cc0000/ffffff,Loreen,7.1
47,13-700 - Security Access and Surveillance,http://dummyimage.com/186x100.png/cc0000/ffffff,Sammy,68.32
88,9-800 - Acoustical Treatment,http://dummyimage.com/178x100.png/dddddd/000000,Sigismundo,17.03
1,2-311 - Final Grading,http://dummyimage.com/232x100.png/5fa2dd/ffffff,Louise,24.58
99,"10-800 - Toilet, Bath, and Laundry Specialties",http://dummyimage.com/106x100.png/5fa2dd/ffffff,Yurik,32.13
50,11-700 - Medical Equipment,http://dummyimage.com/230x100.png/cc0000/ffffff,Bonnie,71.48
99,13-090 - Radiation Protection,http://dummyimage.com/162x100.png/dddddd/000000,Pierette,112.08
46,14-500 - Material Handling,http://dummyimage.com/143x100.png/dddddd/000000,Enrika,121.09
98,12-600 - Multiple Seating,http://dummyimage.com/240x100.png/cc0000/ffffff,Alisun,80.21
78,15-300 - Fire Protection Piping,http://dummyimage.com/205x100.png/5fa2dd/ffffff,Charlene,112.71
82,14-900 - Transportation,http://dummyimage.com/221x100.png/ff4444/ffffff,Julianne,4.61
85,11-450 - Residential Equipment,http://dummyimage.com/244x100.png/cc0000/ffffff,Novelia,10.68
18,5-500 - Metal Fabrications,http://dummyimage.com/162x100.png/cc0000/ffffff,Gordy,108.99
75,6-200 - Finish Carpentry,http://dummyimage.com/174x100.png/5fa2dd/ffffff,Chris,73.26
63,9-250 - Gypsum Wallboard,http://dummyimage.com/137x100.png/ff4444/ffffff,Joby,92.46
84,7-800 - Fire and Smoke Protection,http://dummyimage.com/130x100.png/ff4444/ffffff,Gunner,27.83
72,11-170 - Solid Waste Handling Equipment,http://dummyimage.com/129x100.png/ff4444/ffffff,Lyman,70.48
81,1 - General Requirements,http://dummyimage.com/154x100.png/ff4444/ffffff,Abra,143.72
61,1-904 - Hazardous Materials Removal and Disposal,http://dummyimage.com/147x100.png/ff4444/ffffff,Jodie,127.76
59,1-002 - Instructions,http://dummyimage.com/137x100.png/cc0000/ffffff,Harlene,94.86
59,3-300 - Footings,http://dummyimage.com/228x100.png/5fa2dd/ffffff,Arney,39.64
33,2-932 - PLants and Bulbs,http://dummyimage.com/166x100.png/cc0000/ffffff,Milt,9.31
90,2-621 - Foundatation Drainage Piping,http://dummyimage.com/143x100.png/cc0000/ffffff,Em,58.06
43,2-362 - Termite Control,http://dummyimage.com/182x100.png/dddddd/000000,Harrietta,149.8
37,2-850 - Bridges/Footbridges,http://dummyimage.com/216x100.png/5fa2dd/ffffff,Reilly,34.24
44,6-200 - Finish Carpentry,http://dummyimage.com/155x100.png/dddddd/000000,Boy,72.57
95,2-782 - Brick Pavers,http://dummyimage.com/102x100.png/cc0000/ffffff,Trevar,26.16
33,11-200 - Water Supply and Treatment Equipment,http://dummyimage.com/113x100.png/cc0000/ffffff,Armando,49.76
10,13-240 - Oxygenation Systems,http://dummyimage.com/205x100.png/ff4444/ffffff,Dorey,36.06
92,12-400 - Furnishings and Accessories,http://dummyimage.com/158x100.png/ff4444/ffffff,Libbi,104.77
12,"11-480 - Athletic, Recreational, and Therapeutic Equipment",http://dummyimage.com/192x100.png/5fa2dd/ffffff,Arlette,4.62
84,7-500 - Membrane Roofing,http://dummyimage.com/181x100.png/cc0000/ffffff,Merrel,110.27
15,5-800 - Expansion Control,http://dummyimage.com/245x100.png/cc0000/ffffff,Anni,110.56
99,10-290 - Pest Control,http://dummyimage.com/212x100.png/5fa2dd/ffffff,Verene,25.06
55,11-700 - Medical Equipment,http://dummyimage.com/104x100.png/cc0000/ffffff,Tadeo,142.6
61,9-300 - Tile,http://dummyimage.com/241x100.png/5fa2dd/ffffff,Mickie,104.93
95,10-270 - Access Flooring,http://dummyimage.com/169x100.png/ff4444/ffffff,Rossie,67.22
96,2-850 - Bridges/Footbridges,http://dummyimage.com/232x100.png/5fa2dd/ffffff,Niven,124.3
89,11-280 - Hydraulic Gates and Valves,http://dummyimage.com/237x100.png/5fa2dd/ffffff,Laurianne,140.82
26,11-020 - Security and Vault Equipment,http://dummyimage.com/203x100.png/5fa2dd/ffffff,Mayer,101.14
77,2-915 - Mulch,http://dummyimage.com/169x100.png/5fa2dd/ffffff,Zebadiah,141.36
84,11-040 - Ecclesiastical Equipment,http://dummyimage.com/111x100.png/ff4444/ffffff,Philippine,8.38
43,17-040 - Profit,http://dummyimage.com/149x100.png/cc0000/ffffff,Amata,84.24
76,6-100 - Rough Carpentry,http://dummyimage.com/191x100.png/dddddd/000000,Orella,46.07
80,2-625 - Retaining Wall Drainage Piping,http://dummyimage.com/128x100.png/dddddd/000000,Kristina,74.94
13,1-904 - Hazardous Materials Removal and Disposal,http://dummyimage.com/172x100.png/5fa2dd/ffffff,Philip,2.16
86,1-518 - Temporary Water,http://dummyimage.com/221x100.png/dddddd/000000,Cort,127.9
27,3-330 - Poured Concrete Basement Walls,http://dummyimage.com/107x100.png/dddddd/000000,Mora,142.35
57,1-002 - Instructions,http://dummyimage.com/133x100.png/dddddd/000000,Vick,15.16
43,11-130 - Audio-Visual Equipment,http://dummyimage.com/240x100.png/ff4444/ffffff,Malissa,98.95
80,10-300 - Fireplaces and Stoves,http://dummyimage.com/246x100.png/cc0000/ffffff,Jessica,81.36
4,"15-700 - Heating, Venting and Air Conditioning",http://dummyimage.com/220x100.png/cc0000/ffffff,Winston,115.66
35,"1-514 - Temporary Heating, Cooling and Ventilation",http://dummyimage.com/130x100.png/ff4444/ffffff,Worth,10.26
12,15-500 - Heat-Generation Equipment,http://dummyimage.com/199x100.png/5fa2dd/ffffff,Odille,15.29
45,4-600 - Corrosion-Resistant Masonry,http://dummyimage.com/185x100.png/5fa2dd/ffffff,Johnny,132.59
64,"13-080 - Sound, Vibration, and Seismic Control",http://dummyimage.com/210x100.png/5fa2dd/ffffff,Tarah,91.29
87,1-010 - Project Manager,http://dummyimage.com/117x100.png/dddddd/000000,Gerrilee,4.47
65,13-600 - Solar and Wind Energy Equipment,http://dummyimage.com/101x100.png/5fa2dd/ffffff,Jorrie,101.47
40,13 - Special Construction,http://dummyimage.com/124x100.png/dddddd/000000,Jacquelynn,146.97
64,2-822 - Ornamental Metal Fences and Gates,http://dummyimage.com/128x100.png/cc0000/ffffff,Chickie,61.99
36,7-100 - Damproofing and Waterproofing,http://dummyimage.com/142x100.png/dddddd/000000,Charmain,39.21
74,14-200 - Elevators,http://dummyimage.com/206x100.png/cc0000/ffffff,Sebastian,55.91
95,12-100 - Art,http://dummyimage.com/216x100.png/ff4444/ffffff,Kassia,3.32
21,5-050 - Basic Metal Materials and Methods,http://dummyimage.com/143x100.png/cc0000/ffffff,Kellen,64.26
41,3-000 - General,http://dummyimage.com/172x100.png/ff4444/ffffff,Timothea,12.99
50,9-300 - Tile,http://dummyimage.com/176x100.png/dddddd/000000,Frederich,16.49
57,8-200 - Wood and Plastic Doors,http://dummyimage.com/131x100.png/dddddd/000000,Gerard,79.55
1,7-700 - Roof Specialties and Accessories,http://dummyimage.com/241x100.png/ff4444/ffffff,Billie,3.61
86,2-923 - Seeding and Soil Supplements,http://dummyimage.com/127x100.png/5fa2dd/ffffff,Penni,71.53
48,2-915 - Mulch,http://dummyimage.com/216x100.png/cc0000/ffffff,Jasmine,104.45
16,2-790 - Athletic Surfacing,http://dummyimage.com/227x100.png/5fa2dd/ffffff,Samuel,43.77
45,6-200 - Finish Carpentry,http://dummyimage.com/129x100.png/ff4444/ffffff,Saleem,87.11
4,3-050 - Concrete Subcontractor,http://dummyimage.com/125x100.png/cc0000/ffffff,Elvin,50.48
30,13-090 - Radiation Protection,http://dummyimage.com/203x100.png/cc0000/ffffff,Darrell,96.98
37,1-517 - Temporary Telephone,http://dummyimage.com/135x100.png/cc0000/ffffff,Correna,124.8
58,11-120 - Vending Equipment,http://dummyimage.com/210x100.png/cc0000/ffffff,Buiron,17.71
70,1-523 - Sanitary Facilities,http://dummyimage.com/105x100.png/cc0000/ffffff,Koressa,96.63
3,13-150 - Swimming Pools,http://dummyimage.com/246x100.png/cc0000/ffffff,Drew,79.27
63,16 - Electrical,http://dummyimage.com/235x100.png/ff4444/ffffff,Isis,90.28
63,3-300 - Footings,http://dummyimage.com/192x100.png/5fa2dd/ffffff,Jourdain,47.79
14,3-300 - Footings,http://dummyimage.com/185x100.png/cc0000/ffffff,Liz,74.92
19,5-600 - Hydraulic Fabrications,http://dummyimage.com/180x100.png/5fa2dd/ffffff,Marlow,75.78
36,15 - Mechanical,http://dummyimage.com/223x100.png/5fa2dd/ffffff,Stephana,24.6
66,16-050 - Basic Electrical Materials and Methods,http://dummyimage.com/167x100.png/dddddd/000000,Aidan,40.99
29,17 - Markup and Contingency,http://dummyimage.com/138x100.png/dddddd/000000,Elene,106.88
28,1-511 - Temporary Electricity,http://dummyimage.com/157x100.png/ff4444/ffffff,Grant,107.64
31,14-800 - Scaffolding,http://dummyimage.com/238x100.png/5fa2dd/ffffff,Cristie,132.81
73,1 - General Requirements,http://dummyimage.com/119x100.png/dddddd/000000,Giorgi,82.07
53,11-650 - Planetarium Equipment,http://dummyimage.com/136x100.png/5fa2dd/ffffff,Rolfe,144.13
73,13-260 - Sludge Conditioning Systems,http://dummyimage.com/114x100.png/cc0000/ffffff,Alexis,145.65
8,2-900 - Landscaping,http://dummyimage.com/124x100.png/dddddd/000000,Jacinthe,95.07
87,13-200 - Storage Tanks,http://dummyimage.com/152x100.png/cc0000/ffffff,Jilli,32.28
53,2-312 - Rough Grading,http://dummyimage.com/117x100.png/ff4444/ffffff,Gibb,35.7
1,13-500 - Recording Instrumentation,http://dummyimage.com/181x100.png/ff4444/ffffff,Minor,137.15
100,2-825 - Wood Fences and Gates,http://dummyimage.com/212x100.png/dddddd/000000,Avis,22.58
92,7-500 - Membrane Roofing,http://dummyimage.com/116x100.png/dddddd/000000,Brigham,121.15
14,16-300 - Transmission and Distribution,http://dummyimage.com/198x100.png/dddddd/000000,Lemuel,61.5
55,12-600 - Multiple Seating,http://dummyimage.com/164x100.png/cc0000/ffffff,Ferdinande,44.88
8,6 - Wood and Plastics,http://dummyimage.com/176x100.png/5fa2dd/ffffff,Merwyn,9.12
36,2-783 - Interlocking Concrete Unit Paving,http://dummyimage.com/241x100.png/5fa2dd/ffffff,Celia,64.39
37,1-500 - Temporary Facilities and Controls,http://dummyimage.com/126x100.png/dddddd/000000,Helenelizabeth,33.51
27,8-400 - Entrances and Storefronts,http://dummyimage.com/146x100.png/5fa2dd/ffffff,Ardra,77.52
54,1-013 - Project Coordinator,http://dummyimage.com/227x100.png/5fa2dd/ffffff,Douglass,59.39
18,2 - Site Construction,http://dummyimage.com/128x100.png/dddddd/000000,Randi,10.36
10,10-200 - Louvers and Vents,http://dummyimage.com/159x100.png/dddddd/000000,Sonia,13.62
13,3-400 - Precast Concrete,http://dummyimage.com/143x100.png/dddddd/000000,Stephine,121.09
85,11-300 - Fluid Waste Treatment and Disposal Equipment,http://dummyimage.com/207x100.png/5fa2dd/ffffff,Lorianna,18.41
52,7-200 - Thermal Protection - Insulation,http://dummyimage.com/236x100.png/dddddd/000000,Rena,59.28
29,11-400 - Food Service Equipment,http://dummyimage.com/211x100.png/5fa2dd/ffffff,Dani,96.2
76,3-500 - Cementitious Decks and Underlayments,http://dummyimage.com/249x100.png/5fa2dd/ffffff,Grantham,130.09
91,3-540 - Cementitious Underlayments,http://dummyimage.com/133x100.png/cc0000/ffffff,Alanah,46.24
31,12 - Furnishings,http://dummyimage.com/199x100.png/ff4444/ffffff,Elmer,33.66
74,2-000 - General,http://dummyimage.com/150x100.png/dddddd/000000,Demetris,107.38
55,13-230 - Digester Covers and Appurtenances,http://dummyimage.com/128x100.png/ff4444/ffffff,Drud,34.85
92,3-500 - Cementitious Decks and Underlayments,http://dummyimage.com/234x100.png/cc0000/ffffff,Agnesse,121.86
34,14-900 - Transportation,http://dummyimage.com/231x100.png/cc0000/ffffff,Rikki,35.91
52,11-090 - Checkroom Equipment,http://dummyimage.com/236x100.png/cc0000/ffffff,Delano,119.03
69,2-813 - Lawn Sprinkling and Irrigation,http://dummyimage.com/224x100.png/dddddd/000000,Conroy,143.92
69,2-240 - Dewatering,http://dummyimage.com/210x100.png/ff4444/ffffff,Lilian,111.89
7,3-330 - Poured Concrete Basement Walls,http://dummyimage.com/233x100.png/cc0000/ffffff,Emmett,136.64
89,1-500 - Temporary Facilities and Controls,http://dummyimage.com/143x100.png/5fa2dd/ffffff,Shermy,21.8
15,15-100 - Plumbing,http://dummyimage.com/127x100.png/5fa2dd/ffffff,Alessandro,133.55
64,16-300 - Transmission and Distribution,http://dummyimage.com/190x100.png/cc0000/ffffff,Dorey,10.44
74,6 - Wood and Plastics,http://dummyimage.com/122x100.png/5fa2dd/ffffff,Sinclare,111.08
1,14-100 - Dumbwaiters,http://dummyimage.com/113x100.png/5fa2dd/ffffff,Tirrell,101.43
16,8-800 - Glazing,http://dummyimage.com/142x100.png/dddddd/000000,Tibold,118.68
31,6-900 - Wood and Plastic Restoration and Cleaning,http://dummyimage.com/125x100.png/ff4444/ffffff,Cull,50.44
68,11-650 - Planetarium Equipment,http://dummyimage.com/229x100.png/ff4444/ffffff,Fairfax,36.03
34,4-800 - Masonry Assemblies,http://dummyimage.com/221x100.png/5fa2dd/ffffff,Gretchen,137.74
91,10-500 - Lockers,http://dummyimage.com/217x100.png/5fa2dd/ffffff,Averyl,85.53
97,13-240 - Oxygenation Systems,http://dummyimage.com/130x100.png/5fa2dd/ffffff,Jerrylee,64.17
51,11-680 - Office Equipment,http://dummyimage.com/146x100.png/ff4444/ffffff,Rorke,148.38
86,13-200 - Storage Tanks,http://dummyimage.com/116x100.png/5fa2dd/ffffff,Ransell,80.92
73,15-800 - Air Distribution,http://dummyimage.com/224x100.png/ff4444/ffffff,Tadio,117.04
20,1-540 - Construction Aids,http://dummyimage.com/239x100.png/5fa2dd/ffffff,North,93.3
58,16-700 - Communications,http://dummyimage.com/207x100.png/5fa2dd/ffffff,Hakeem,107.83
38,12-900 - Furnishings Restoration and Repair,http://dummyimage.com/174x100.png/cc0000/ffffff,Ezra,59.91
80,2-750 - Concrete Pads and Walks,http://dummyimage.com/137x100.png/dddddd/000000,Billy,74.58
1,2-917 - Soil Preparation,http://dummyimage.com/187x100.png/dddddd/000000,Pacorro,55.05
98,1-011 - Project Engineer,http://dummyimage.com/209x100.png/5fa2dd/ffffff,Serena,21.8
5,4-400 - Stone,http://dummyimage.com/157x100.png/5fa2dd/ffffff,Klement,79.64
100,5-600 - Hydraulic Fabrications,http://dummyimage.com/105x100.png/5fa2dd/ffffff,Anni,66.96
46,11-280 - Hydraulic Gates and Valves,http://dummyimage.com/207x100.png/dddddd/000000,Son,19.41
56,10-100 - Visual Display Boards,http://dummyimage.com/234x100.png/5fa2dd/ffffff,Hurley,94.83
85,8-300 - Specialty Doors,http://dummyimage.com/226x100.png/ff4444/ffffff,Karleen,64.87
39,13-150 - Swimming Pools,http://dummyimage.com/231x100.png/cc0000/ffffff,Danica,87.38
25,13 - Special Construction,http://dummyimage.com/195x100.png/ff4444/ffffff,Syman,17.17
33,1-903 - Hazardous Materials Abatement,http://dummyimage.com/230x100.png/ff4444/ffffff,Tuesday,106.52
21,16-300 - Transmission and Distribution,http://dummyimage.com/151x100.png/5fa2dd/ffffff,Verina,43.93
13,13-175 - Ice Rinks,http://dummyimage.com/128x100.png/ff4444/ffffff,Ethelyn,29.55
94,3-310 - Expansion Joints,http://dummyimage.com/139x100.png/5fa2dd/ffffff,Foss,106.44
99,8-900 - Glazed Curtain Wall,http://dummyimage.com/160x100.png/ff4444/ffffff,Patsy,142.04
97,15-100 - Plumbing,http://dummyimage.com/239x100.png/dddddd/000000,Merline,30.58
14,2-823 - PVC Fences and Gates,http://dummyimage.com/127x100.png/5fa2dd/ffffff,Bill,39.48
37,10-750 - Telephone Specialties,http://dummyimage.com/226x100.png/cc0000/ffffff,Itch,140.99
43,2-870 - Sculpture/Ornamental,http://dummyimage.com/167x100.png/ff4444/ffffff,Miquela,116.27
56,15-300 - Fire Protection Piping,http://dummyimage.com/161x100.png/cc0000/ffffff,Carroll,138.91
65,1-517 - Temporary Telephone,http://dummyimage.com/123x100.png/ff4444/ffffff,Charley,115.22
48,2-000 - General,http://dummyimage.com/207x100.png/ff4444/ffffff,Lulita,88.1
33,11-500 - Industrial and Process Equipment,http://dummyimage.com/111x100.png/cc0000/ffffff,Auria,100.19
30,11-070 - Instrumental Equipment,http://dummyimage.com/181x100.png/cc0000/ffffff,Gwenni,98.16
49,2-936 - Fertilizer,http://dummyimage.com/163x100.png/cc0000/ffffff,Stevie,82.63
80,1-013 - Project Coordinator,http://dummyimage.com/184x100.png/5fa2dd/ffffff,Jeri,130.76
67,11-020 - Security and Vault Equipment,http://dummyimage.com/240x100.png/ff4444/ffffff,Thorpe,105.56
11,13-800 - Building Automation and Control,http://dummyimage.com/176x100.png/dddddd/000000,Melly,28.74
53,13-165 - Aquatic Park Facilities,http://dummyimage.com/230x100.png/5fa2dd/ffffff,Rosita,144.53
13,2-823 - PVC Fences and Gates,http://dummyimage.com/135x100.png/cc0000/ffffff,Dallis,136.92
12,2-317 - Select Borrow,http://dummyimage.com/226x100.png/cc0000/ffffff,Guthrie,84.12
53,4-700 - Simulated Masonry,http://dummyimage.com/202x100.png/ff4444/ffffff,Rodger,139.28
52,3-540 - Cementitious Underlayments,http://dummyimage.com/155x100.png/5fa2dd/ffffff,Elana,25.81
74,11-060 - Theater and Stage Equipment,http://dummyimage.com/154x100.png/dddddd/000000,Hector,51.09
7,16-300 - Transmission and Distribution,http://dummyimage.com/148x100.png/dddddd/000000,Damita,84.65
4,12-500 - Furniture,http://dummyimage.com/110x100.png/dddddd/000000,Fax,116.56
58,2-923 - Seeding and Soil Supplements,http://dummyimage.com/242x100.png/ff4444/ffffff,Hildy,99.44
40,10-200 - Louvers and Vents,http://dummyimage.com/230x100.png/ff4444/ffffff,Selestina,37.35
93,1-580 - Project Identification,http://dummyimage.com/152x100.png/dddddd/000000,Koralle,42.06
96,15-300 - Fire Protection Piping,http://dummyimage.com/192x100.png/cc0000/ffffff,Moria,91.67
77,7-100 - Damproofing and Waterproofing,http://dummyimage.com/247x100.png/5fa2dd/ffffff,Carri,85.8
5,16-050 - Basic Electrical Materials and Methods,http://dummyimage.com/200x100.png/5fa2dd/ffffff,Vale,8.09
8,17-010 - Contingency,http://dummyimage.com/235x100.png/dddddd/000000,Rey,13.02
70,4-400 - Stone,http://dummyimage.com/129x100.png/5fa2dd/ffffff,Wilhelmine,92.79
32,2-320 - Excavation and Fill,http://dummyimage.com/215x100.png/dddddd/000000,Lynnelle,89.38
99,14-300 - Escalators and Moving Walks,http://dummyimage.com/122x100.png/5fa2dd/ffffff,Egbert,14.31
83,1-518 - Temporary Water,http://dummyimage.com/122x100.png/dddddd/000000,Magda,93.83
72,2-870 - Sculpture/Ornamental,http://dummyimage.com/228x100.png/dddddd/000000,Renee,46.07
90,14-700 - Turntables,http://dummyimage.com/246x100.png/5fa2dd/ffffff,Ric,112.08
31,2-625 - Retaining Wall Drainage Piping,http://dummyimage.com/118x100.png/ff4444/ffffff,Halsy,23.09
50,8-600 - Skylights,http://dummyimage.com/235x100.png/cc0000/ffffff,Dianemarie,23.16
79,1-903 - Hazardous Materials Abatement,http://dummyimage.com/168x100.png/ff4444/ffffff,Isidoro,100.56
68,5-300 - Metal Deck,http://dummyimage.com/213x100.png/5fa2dd/ffffff,Kingston,2.27
91,16-800 - Sound and Video,http://dummyimage.com/174x100.png/dddddd/000000,Anna-diane,85.29
50,16-200 - Electrical Power,http://dummyimage.com/205x100.png/cc0000/ffffff,Cristina,74.5
98,11-700 - Medical Equipment,http://dummyimage.com/149x100.png/dddddd/000000,Ivonne,115.63
57,13-280 - Hazardous Material Remediation,http://dummyimage.com/193x100.png/cc0000/ffffff,Arni,53.05
84,1-600 - Product Requirements (Scope of Work),http://dummyimage.com/233x100.png/5fa2dd/ffffff,Bail,37.07
22,2-310 - Grading,http://dummyimage.com/236x100.png/5fa2dd/ffffff,Raine,73.32
34,9-400 - Terrazzo,http://dummyimage.com/196x100.png/ff4444/ffffff,Cyril,136.59
11,6 - Wood and Plastics,http://dummyimage.com/250x100.png/ff4444/ffffff,Addison,21.09
25,12-100 - Art,http://dummyimage.com/153x100.png/5fa2dd/ffffff,Guillaume,4.81
6,2-000 - General,http://dummyimage.com/150x100.png/cc0000/ffffff,Blaire,1.64
33,15-500 - Heat-Generation Equipment,http://dummyimage.com/191x100.png/ff4444/ffffff,Cherice,126.6
80,12-100 - Art,http://dummyimage.com/217x100.png/5fa2dd/ffffff,Hilary,109.69
11,"13-080 - Sound, Vibration, and Seismic Control",http://dummyimage.com/195x100.png/5fa2dd/ffffff,Gustav,40.36
43,9-250 - Gypsum Wallboard,http://dummyimage.com/105x100.png/5fa2dd/ffffff,Rycca,52.01
54,2-311 - Final Grading,http://dummyimage.com/238x100.png/ff4444/ffffff,Carlie,110.36
72,12-300 - Manufactured Casework,http://dummyimage.com/233x100.png/cc0000/ffffff,Koral,149.91
85,16-100 - Electrical,http://dummyimage.com/142x100.png/ff4444/ffffff,Alexa,127.1
49,14 - Conveying Systems,http://dummyimage.com/145x100.png/ff4444/ffffff,Kylila,100.66
15,11-500 - Industrial and Process Equipment,http://dummyimage.com/142x100.png/dddddd/000000,Mackenzie,125.95
20,12-900 - Furnishings Restoration and Repair,http://dummyimage.com/124x100.png/cc0000/ffffff,Alethea,126.12
56,10 - Specialties,http://dummyimage.com/209x100.png/dddddd/000000,Dorri,17.01
20,13-800 - Building Automation and Control,http://dummyimage.com/150x100.png/5fa2dd/ffffff,Prudi,144.06
97,12-700 - Systems Furniture,http://dummyimage.com/155x100.png/5fa2dd/ffffff,Olivero,11.7
11,12-800 - Interior Plants and Planters,http://dummyimage.com/223x100.png/cc0000/ffffff,Hersch,108.21
49,4-050 - Basic Masonry Materials and Methods,http://dummyimage.com/236x100.png/ff4444/ffffff,Lacey,65.55
55,13-230 - Digester Covers and Appurtenances,http://dummyimage.com/177x100.png/dddddd/000000,Pansie,98.23
17,2-795 - Porous Paving,http://dummyimage.com/170x100.png/5fa2dd/ffffff,Jessa,115.95
14,7-400 - Roofing and Siding Panels,http://dummyimage.com/153x100.png/cc0000/ffffff,Prudy,31.52
41,17-020 - Insurance,http://dummyimage.com/176x100.png/5fa2dd/ffffff,Nathalia,89.3
73,10-200 - Louvers and Vents,http://dummyimage.com/155x100.png/5fa2dd/ffffff,Annnora,142.09
13,11-200 - Water Supply and Treatment Equipment,http://dummyimage.com/242x100.png/dddddd/000000,Abbye,6.11
67,2-621 - Foundatation Drainage Piping,http://dummyimage.com/185x100.png/ff4444/ffffff,Nicolea,116.48
7,6 - Wood and Plastics,http://dummyimage.com/140x100.png/5fa2dd/ffffff,Benetta,110.26
1,4-900 - Masonry Restoration and Cleaning,http://dummyimage.com/244x100.png/ff4444/ffffff,Martie,143.27
70,2-924 - Sodding,http://dummyimage.com/239x100.png/cc0000/ffffff,Emmett,12.41
55,1-011 - Project Engineer,http://dummyimage.com/172x100.png/5fa2dd/ffffff,Vally,90.55
94,16-100 - Electrical,http://dummyimage.com/244x100.png/cc0000/ffffff,Hewett,62.77
27,10-250 - Service Walls,http://dummyimage.com/230x100.png/5fa2dd/ffffff,Kingston,10.81
58,4-200 - Masonry Units,http://dummyimage.com/202x100.png/ff4444/ffffff,Torrence,133.14
67,12-300 - Manufactured Casework,http://dummyimage.com/204x100.png/ff4444/ffffff,Farly,50.04
43,2-320 - Excavation and Fill,http://dummyimage.com/173x100.png/5fa2dd/ffffff,Gael,60.97
80,1-520 - Construction Facilities,http://dummyimage.com/202x100.png/cc0000/ffffff,Huberto,47.57
29,11-040 - Ecclesiastical Equipment,http://dummyimage.com/175x100.png/5fa2dd/ffffff,Vernen,19.07
74,1-904 - Hazardous Materials Removal and Disposal,http://dummyimage.com/228x100.png/ff4444/ffffff,Gray,45.85
94,11-280 - Hydraulic Gates and Valves,http://dummyimage.com/233x100.png/dddddd/000000,Emmanuel,11.81
13,7-050 - Basic Thermal and Moisture Protection Materials and Methods,http://dummyimage.com/248x100.png/ff4444/ffffff,Arliene,76.23
59,2-823 - PVC Fences and Gates,http://dummyimage.com/231x100.png/dddddd/000000,Ofilia,80.71
5,10-250 - Service Walls,http://dummyimage.com/234x100.png/5fa2dd/ffffff,Trstram,60.72
9,10-700 - Exterior Protection,http://dummyimage.com/121x100.png/dddddd/000000,Glyn,32.55
92,16-100 - Electrical,http://dummyimage.com/243x100.png/5fa2dd/ffffff,Bertine,78.87
66,9-400 - Terrazzo,http://dummyimage.com/249x100.png/cc0000/ffffff,Allyn,149.75
42,11 - Equipment,http://dummyimage.com/144x100.png/cc0000/ffffff,Ludwig,31.55
33,4-400 - Stone,http://dummyimage.com/136x100.png/cc0000/ffffff,Wallas,13.92
41,10-670 - Storage Shelving,http://dummyimage.com/192x100.png/dddddd/000000,Reynolds,65.53
64,2-813 - Lawn Sprinkling and Irrigation,http://dummyimage.com/240x100.png/dddddd/000000,Delmar,147.1
57,10-150 - Compartments and Cubicles,http://dummyimage.com/210x100.png/cc0000/ffffff,Dix,35.21
63,10-530 - Protective Covers,http://dummyimage.com/235x100.png/dddddd/000000,Piper,129.35
18,8-400 - Entrances and Storefronts,http://dummyimage.com/145x100.png/dddddd/000000,Bethina,130.92
66,7-400 - Roofing and Siding Panels,http://dummyimage.com/231x100.png/dddddd/000000,Elmore,75.76
43,10-270 - Access Flooring,http://dummyimage.com/190x100.png/ff4444/ffffff,Aloisia,102.0
2,2-315 - Excavation,http://dummyimage.com/225x100.png/5fa2dd/ffffff,Dwayne,49.31
42,3-330 - Poured Concrete Basement Walls,http://dummyimage.com/163x100.png/dddddd/000000,Morris,21.0
74,12-600 - Multiple Seating,http://dummyimage.com/165x100.png/ff4444/ffffff,Rhiamon,46.51
18,2-823 - PVC Fences and Gates,http://dummyimage.com/226x100.png/ff4444/ffffff,Rustie,3.84
46,2-320 - Excavation and Fill,http://dummyimage.com/150x100.png/cc0000/ffffff,Evin,148.97
93,2-770 - Curb and Gutters,http://dummyimage.com/198x100.png/ff4444/ffffff,Kris,40.01
58,8 - Doors and Windows,http://dummyimage.com/144x100.png/5fa2dd/ffffff,Cindra,141.85
95,15 - Mechanical,http://dummyimage.com/210x100.png/cc0000/ffffff,Karole,131.34
52,2-782 - Brick Pavers,http://dummyimage.com/175x100.png/cc0000/ffffff,Northrop,3.3
9,6-500 - Structural Plastics,http://dummyimage.com/177x100.png/cc0000/ffffff,Ange,36.64
12,10-750 - Telephone Specialties,http://dummyimage.com/225x100.png/ff4444/ffffff,Jillane,22.3
70,17-020 - Insurance,http://dummyimage.com/104x100.png/dddddd/000000,Laraine,2.19
95,2-230 - Site Clearing,http://dummyimage.com/178x100.png/5fa2dd/ffffff,Tiler,140.35
61,2-825 - Wood Fences and Gates,http://dummyimage.com/220x100.png/cc0000/ffffff,Heywood,7.42
82,8-700 - Hardware,http://dummyimage.com/144x100.png/5fa2dd/ffffff,Jacky,9.1
60,1-520 - Construction Facilities,http://dummyimage.com/247x100.png/dddddd/000000,Ruthanne,11.69
64,13-010 - Air-Supported Structures,http://dummyimage.com/195x100.png/dddddd/000000,Matthiew,5.61
44,4-900 - Masonry Restoration and Cleaning,http://dummyimage.com/243x100.png/cc0000/ffffff,Padraig,34.6
11,"1-514 - Temporary Heating, Cooling and Ventilation",http://dummyimage.com/140x100.png/cc0000/ffffff,Marissa,19.98
64,9 - Finishes,http://dummyimage.com/141x100.png/5fa2dd/ffffff,Emilio,66.16
27,11-070 - Instrumental Equipment,http://dummyimage.com/170x100.png/cc0000/ffffff,Clementia,125.09
10,2-780 - Clay Unit Pavers,http://dummyimage.com/114x100.png/cc0000/ffffff,Michaeline,87.86
15,2-783 - Interlocking Concrete Unit Paving,http://dummyimage.com/139x100.png/dddddd/000000,Minny,61.67
32,10-670 - Storage Shelving,http://dummyimage.com/171x100.png/cc0000/ffffff,Jo-anne,12.75
53,10-750 - Telephone Specialties,http://dummyimage.com/131x100.png/5fa2dd/ffffff,Dunn,104.62
9,5-050 - Basic Metal Materials and Methods,http://dummyimage.com/247x100.png/5fa2dd/ffffff,Cyrille,63.99
10,1-712 - Local Conditions,http://dummyimage.com/203x100.png/dddddd/000000,Auberon,51.99
19,1-012 - Superintendent,http://dummyimage.com/229x100.png/ff4444/ffffff,Barnett,61.26
68,4 - Masonry,http://dummyimage.com/160x100.png/ff4444/ffffff,Adelaide,94.46
64,7-500 - Membrane Roofing,http://dummyimage.com/127x100.png/dddddd/000000,Cassi,71.81
84,2-500 - Utility Services,http://dummyimage.com/138x100.png/cc0000/ffffff,Valida,68.41
36,12-050 - Fabrics,http://dummyimage.com/147x100.png/5fa2dd/ffffff,Petronille,108.43
21,11-130 - Audio-Visual Equipment,http://dummyimage.com/195x100.png/5fa2dd/ffffff,Delcina,8.85
82,4-500 - Refractories,http://dummyimage.com/145x100.png/ff4444/ffffff,Greg,63.56
64,13-160 - Aquariums,http://dummyimage.com/138x100.png/dddddd/000000,Sukey,144.18
20,2-230 - Site Clearing,http://dummyimage.com/224x100.png/5fa2dd/ffffff,Van,45.58
75,2-815 - Fountains,http://dummyimage.com/127x100.png/cc0000/ffffff,Normy,56.37
80,1-517 - Temporary Telephone,http://dummyimage.com/137x100.png/dddddd/000000,Beverlee,101.98
30,9-600 - Flooring,http://dummyimage.com/158x100.png/cc0000/ffffff,Zorana,144.62
64,13-400 - Measurement and Control Instrumentation,http://dummyimage.com/159x100.png/cc0000/ffffff,Bobbe,89.62
5,10-550 - Postal Specialties,http://dummyimage.com/198x100.png/ff4444/ffffff,Alyssa,148.22
88,9-400 - Terrazzo,http://dummyimage.com/101x100.png/5fa2dd/ffffff,Fidole,73.1
68,7-800 - Fire and Smoke Protection,http://dummyimage.com/214x100.png/5fa2dd/ffffff,Emmy,15.18
76,2-740 - Flexible Pavement Asphalt Pavement,http://dummyimage.com/205x100.png/ff4444/ffffff,Dougie,68.98
95,2-740 - Flexible Pavement Asphalt Pavement,http://dummyimage.com/236x100.png/cc0000/ffffff,Alie,78.14
5,11-050 - Library Equipment,http://dummyimage.com/105x100.png/dddddd/000000,Sherlocke,21.85
15,1-511 - Temporary Electricity,http://dummyimage.com/157x100.png/5fa2dd/ffffff,Montgomery,53.73
88,9-050 - Basic Finish Materials and Methods,http://dummyimage.com/162x100.png/dddddd/000000,Gwenora,64.25
51,3-050 - Concrete Subcontractor,http://dummyimage.com/103x100.png/dddddd/000000,Trixi,138.97
61,1-570 - Temporary Controls,http://dummyimage.com/121x100.png/5fa2dd/ffffff,Arabela,84.69
59,11-130 - Audio-Visual Equipment,http://dummyimage.com/214x100.png/5fa2dd/ffffff,Luciana,137.66
16,15 - Mechanical,http://dummyimage.com/116x100.png/dddddd/000000,Zane,74.9
95,1-500 - Temporary Facilities and Controls,http://dummyimage.com/156x100.png/5fa2dd/ffffff,Sharla,91.11
36,17-010 - Contingency,http://dummyimage.com/210x100.png/ff4444/ffffff,Lynnett,9.26
74,10-240 - Grilles and Screens,http://dummyimage.com/125x100.png/cc0000/ffffff,Gene,30.96
12,11-660 - Observatory Equipment,http://dummyimage.com/191x100.png/5fa2dd/ffffff,Rubin,67.3
10,9 - Finishes,http://dummyimage.com/230x100.png/ff4444/ffffff,Tracie,5.61
20,1-530 - Temporary Construction,http://dummyimage.com/221x100.png/cc0000/ffffff,Myrna,40.13
93,1-523 - Sanitary Facilities,http://dummyimage.com/249x100.png/ff4444/ffffff,Isidoro,117.94
17,11-070 - Instrumental Equipment,http://dummyimage.com/214x100.png/cc0000/ffffff,Hadlee,143.64
18,13-280 - Hazardous Material Remediation,http://dummyimage.com/198x100.png/ff4444/ffffff,Loy,50.73
57,2-822 - Ornamental Metal Fences and Gates,http://dummyimage.com/125x100.png/cc0000/ffffff,Gery,119.3
73,2-230 - Site Clearing,http://dummyimage.com/146x100.png/cc0000/ffffff,Jonathan,100.6
7,2-932 - PLants and Bulbs,http://dummyimage.com/138x100.png/ff4444/ffffff,Cindy,20.02
40,9-100 - Metal Support Assemblies,http://dummyimage.com/189x100.png/5fa2dd/ffffff,Clemmy,113.74
92,11-450 - Residential Equipment,http://dummyimage.com/128x100.png/ff4444/ffffff,Freeland,56.36
8,2-770 - Curb and Gutters,http://dummyimage.com/219x100.png/cc0000/ffffff,Earlie,86.28
55,2-932 - PLants and Bulbs,http://dummyimage.com/157x100.png/dddddd/000000,Dulce,122.79
80,11-460 - Unit Kitchens,http://dummyimage.com/131x100.png/ff4444/ffffff,Brietta,121.42
50,"13-080 - Sound, Vibration, and Seismic Control",http://dummyimage.com/186x100.png/dddddd/000000,Sula,145.52
60,"15-950 - Testing, Adjusting, and Balancing",http://dummyimage.com/161x100.png/ff4444/ffffff,Caryn,125.87
58,2-310 - Grading,http://dummyimage.com/151x100.png/ff4444/ffffff,Gun,124.68
65,15-300 - Fire Protection Piping,http://dummyimage.com/201x100.png/5fa2dd/ffffff,Caritta,48.7
41,2-924 - Sodding,http://dummyimage.com/131x100.png/ff4444/ffffff,Mathilde,61.9
36,11-460 - Unit Kitchens,http://dummyimage.com/106x100.png/ff4444/ffffff,Dulcinea,21.37
76,4-050 - Basic Masonry Materials and Methods,http://dummyimage.com/100x100.png/cc0000/ffffff,Jamil,63.93
27,17-020 - Insurance,http://dummyimage.com/168x100.png/cc0000/ffffff,Derwin,40.4
83,11-150 - Parking Control Equipment,http://dummyimage.com/186x100.png/5fa2dd/ffffff,Pace,52.08
37,"13-080 - Sound, Vibration, and Seismic Control",http://dummyimage.com/221x100.png/5fa2dd/ffffff,Yalonda,5.34
14,13-260 - Sludge Conditioning Systems,http://dummyimage.com/153x100.png/5fa2dd/ffffff,Latashia,94.76
89,11-090 - Checkroom Equipment,http://dummyimage.com/198x100.png/dddddd/000000,Arnaldo,96.43
3,6-600 - Plastic Fabrications,http://dummyimage.com/170x100.png/5fa2dd/ffffff,Georgena,54.73
14,"15-700 - Heating, Venting and Air Conditioning",http://dummyimage.com/180x100.png/cc0000/ffffff,Cleo,14.45
31,"11-480 - Athletic, Recreational, and Therapeutic Equipment",http://dummyimage.com/192x100.png/dddddd/000000,Nigel,124.75
3,17-010 - Contingency,http://dummyimage.com/206x100.png/cc0000/ffffff,Julieta,114.28
16,11-110 - Commercial Laundry and Dry Cleaning Equipment,http://dummyimage.com/204x100.png/cc0000/ffffff,Ashlee,36.28
71,11-130 - Audio-Visual Equipment,http://dummyimage.com/104x100.png/ff4444/ffffff,Sherlocke,140.68
39,9-680 - Carpet,http://dummyimage.com/232x100.png/dddddd/000000,Guenna,130.85
17,10-340 - Manufactured Exterior Specialties,http://dummyimage.com/163x100.png/dddddd/000000,Llywellyn,113.32
70,6-600 - Plastic Fabrications,http://dummyimage.com/176x100.png/ff4444/ffffff,Ethe,81.24
78,10-240 - Grilles and Screens,http://dummyimage.com/197x100.png/5fa2dd/ffffff,Natty,128.32
59,12-800 - Interior Plants and Planters,http://dummyimage.com/215x100.png/5fa2dd/ffffff,Cindi,72.56
22,17-010 - Contingency,http://dummyimage.com/132x100.png/dddddd/000000,Loren,124.64
78,2-783 - Interlocking Concrete Unit Paving,http://dummyimage.com/185x100.png/5fa2dd/ffffff,Chelsie,97.17
1,2-320 - Excavation and Fill,http://dummyimage.com/246x100.png/dddddd/000000,Udale,35.3
1,"15-700 - Heating, Venting and Air Conditioning",http://dummyimage.com/176x100.png/5fa2dd/ffffff,Christabella,111.01
30,12-400 - Furnishings and Accessories,http://dummyimage.com/177x100.png/5fa2dd/ffffff,Wit,30.38
93,14-200 - Elevators,http://dummyimage.com/231x100.png/cc0000/ffffff,Delmar,23.05
41,10-350 - Flagpoles,http://dummyimage.com/161x100.png/dddddd/000000,Jehanna,114.41
34,1-903 - Hazardous Materials Abatement,http://dummyimage.com/155x100.png/ff4444/ffffff,Vincents,100.11
9,2-312 - Rough Grading,http://dummyimage.com/137x100.png/cc0000/ffffff,Lotta,105.63
14,2-500 - Utility Services,http://dummyimage.com/217x100.png/cc0000/ffffff,Zita,72.54
71,2-784 - Stone Unit Pavers,http://dummyimage.com/103x100.png/cc0000/ffffff,Sherri,27.48
36,3-300 - Footings,http://dummyimage.com/144x100.png/dddddd/000000,Carey,144.29
20,12-700 - Systems Furniture,http://dummyimage.com/233x100.png/5fa2dd/ffffff,Bliss,29.63
73,10-340 - Manufactured Exterior Specialties,http://dummyimage.com/170x100.png/cc0000/ffffff,Neille,141.67
74,8-100 - Doors,http://dummyimage.com/130x100.png/cc0000/ffffff,Rawley,144.49
81,7-800 - Fire and Smoke Protection,http://dummyimage.com/181x100.png/5fa2dd/ffffff,Felita,68.8
74,9-100 - Metal Support Assemblies,http://dummyimage.com/203x100.png/5fa2dd/ffffff,Nicko,9.43
60,3-210 - Cast-In-Place Concrete,http://dummyimage.com/224x100.png/ff4444/ffffff,Barney,149.41
22,8-800 - Glazing,http://dummyimage.com/148x100.png/ff4444/ffffff,Boony,95.37
92,9-100 - Metal Support Assemblies,http://dummyimage.com/165x100.png/dddddd/000000,June,45.33
29,11-300 - Fluid Waste Treatment and Disposal Equipment,http://dummyimage.com/108x100.png/5fa2dd/ffffff,Mandi,117.45
88,11-280 - Hydraulic Gates and Valves,http://dummyimage.com/122x100.png/ff4444/ffffff,Hollis,28.97
54,2-200 - Site Preparation,http://dummyimage.com/100x100.png/ff4444/ffffff,Wilow,135.56
88,14 - Conveying Systems,http://dummyimage.com/100x100.png/5fa2dd/ffffff,Tildie,79.12
46,1-515 - Temporary Lighting,http://dummyimage.com/100x100.png/5fa2dd/ffffff,Antons,113.01
23,6-100 - Rough Carpentry,http://dummyimage.com/221x100.png/ff4444/ffffff,Britteny,59.42
81,3-320 - Slab Foundations,http://dummyimage.com/192x100.png/dddddd/000000,Tonia,15.45
10,1-540 - Construction Aids,http://dummyimage.com/241x100.png/5fa2dd/ffffff,Karlis,128.38
1,16-400 - Low-Voltage Distribution,http://dummyimage.com/171x100.png/ff4444/ffffff,Rachelle,71.97
50,2-240 - Dewatering,http://dummyimage.com/144x100.png/5fa2dd/ffffff,Daune,62.09
19,11-780 - Mortuary Equipment,http://dummyimage.com/153x100.png/ff4444/ffffff,Caprice,104.14
20,2-935 - Plant Maintenance,http://dummyimage.com/171x100.png/5fa2dd/ffffff,Mariam,109.46
92,5-900 - Metal Restoration and Cleaning,http://dummyimage.com/182x100.png/5fa2dd/ffffff,Erminia,13.68
18,15-100 - Plumbing,http://dummyimage.com/108x100.png/dddddd/000000,Constancy,63.59
83,13-400 - Measurement and Control Instrumentation,http://dummyimage.com/124x100.png/cc0000/ffffff,Christian,6.22
46,9-050 - Basic Finish Materials and Methods,http://dummyimage.com/127x100.png/ff4444/ffffff,Vassily,133.96
65,10-200 - Louvers and Vents,http://dummyimage.com/123x100.png/ff4444/ffffff,Kirby,5.93
31,8-100 - Doors,http://dummyimage.com/241x100.png/cc0000/ffffff,Eran,76.35
50,5-500 - Metal Fabrications,http://dummyimage.com/240x100.png/ff4444/ffffff,Riobard,41.36
78,2-781 - Asphalt Pavers,http://dummyimage.com/211x100.png/ff4444/ffffff,Filmore,89.44
35,8-900 - Glazed Curtain Wall,http://dummyimage.com/149x100.png/ff4444/ffffff,Lanie,22.36
59,11-500 - Industrial and Process Equipment,http://dummyimage.com/241x100.png/dddddd/000000,Charin,107.64
3,7-100 - Damproofing and Waterproofing,http://dummyimage.com/194x100.png/5fa2dd/ffffff,Caleb,116.49
35,5 - Metals,http://dummyimage.com/216x100.png/ff4444/ffffff,Nadean,70.33
60,13-240 - Oxygenation Systems,http://dummyimage.com/153x100.png/5fa2dd/ffffff,Sigmund,137.2
38,15-200 - Process Piping,http://dummyimage.com/157x100.png/5fa2dd/ffffff,Martelle,90.17
11,6 - Wood and Plastics,http://dummyimage.com/195x100.png/5fa2dd/ffffff,Constantin,97.4
59,16-300 - Transmission and Distribution,http://dummyimage.com/240x100.png/5fa2dd/ffffff,Leigh,86.81
78,15-050 - Basic Mechanical Materials and Methods,http://dummyimage.com/163x100.png/5fa2dd/ffffff,Felicio,39.44
92,1-712 - Local Conditions,http://dummyimage.com/131x100.png/cc0000/ffffff,Rosalinda,29.55
31,11-870 - Agricultural Equipment,http://dummyimage.com/113x100.png/ff4444/ffffff,Drugi,16.18
57,2 - Site Construction,http://dummyimage.com/199x100.png/5fa2dd/ffffff,Randie,104.69
44,13-165 - Aquatic Park Facilities,http://dummyimage.com/209x100.png/dddddd/000000,Christine,145.72
20,10-150 - Compartments and Cubicles,http://dummyimage.com/212x100.png/cc0000/ffffff,Scotty,105.02
48,1-630 - Product Substitution Procedures,http://dummyimage.com/221x100.png/5fa2dd/ffffff,Kore,6.59
48,1-530 - Temporary Construction,http://dummyimage.com/124x100.png/dddddd/000000,Temple,103.09
33,2-310 - Grading,http://dummyimage.com/199x100.png/dddddd/000000,Jessika,4.06
35,13-100 - Lightning Protection,http://dummyimage.com/241x100.png/ff4444/ffffff,Yalonda,140.52
58,2-790 - Athletic Surfacing,http://dummyimage.com/114x100.png/cc0000/ffffff,Leonardo,81.7
67,7-400 - Roofing and Siding Panels,http://dummyimage.com/177x100.png/ff4444/ffffff,Sheena,41.98
87,5-200 - Metal Joists,http://dummyimage.com/187x100.png/dddddd/000000,Frederic,2.16
35,10-340 - Manufactured Exterior Specialties,http://dummyimage.com/203x100.png/cc0000/ffffff,Bette,84.8
39,3-000 - General,http://dummyimage.com/245x100.png/dddddd/000000,Lauraine,108.73
94,16-400 - Low-Voltage Distribution,http://dummyimage.com/111x100.png/dddddd/000000,Wye,147.69
33,1-712 - Local Conditions,http://dummyimage.com/221x100.png/5fa2dd/ffffff,Jefferson,4.69
87,9-700 - Wall Finishes,http://dummyimage.com/131x100.png/cc0000/ffffff,Madelene,50.6
74,1-014 - Project Executive,http://dummyimage.com/176x100.png/5fa2dd/ffffff,Noelyn,60.8
86,10-200 - Louvers and Vents,http://dummyimage.com/124x100.png/dddddd/000000,Dallas,59.86
64,4-500 - Refractories,http://dummyimage.com/245x100.png/cc0000/ffffff,Hortense,57.05
47,8-100 - Doors,http://dummyimage.com/145x100.png/cc0000/ffffff,Danie,130.75
74,3-500 - Cementitious Decks and Underlayments,http://dummyimage.com/241x100.png/dddddd/000000,Belinda,92.44
42,13-600 - Solar and Wind Energy Equipment,http://dummyimage.com/134x100.png/5fa2dd/ffffff,Kassia,86.08
6,1-523 - Sanitary Facilities,http://dummyimage.com/225x100.png/5fa2dd/ffffff,Eloisa,132.14
38,11-600 - Laboratory Equipment,http://dummyimage.com/109x100.png/dddddd/000000,Sergent,33.7
54,11-150 - Parking Control Equipment,http://dummyimage.com/248x100.png/ff4444/ffffff,Lauree,54.39
38,2-782 - Brick Pavers,http://dummyimage.com/249x100.png/5fa2dd/ffffff,Seamus,126.31
20,13-200 - Storage Tanks,http://dummyimage.com/109x100.png/dddddd/000000,Barthel,62.98
92,2-260 - Excavation Support and Protection,http://dummyimage.com/120x100.png/dddddd/000000,Maurise,33.85
97,13-160 - Aquariums,http://dummyimage.com/236x100.png/5fa2dd/ffffff,Hetty,73.64
54,10-700 - Exterior Protection,http://dummyimage.com/237x100.png/cc0000/ffffff,Kin,4.17
46,1-640 - Owner Furnished Products,http://dummyimage.com/103x100.png/ff4444/ffffff,Kandy,149.66
58,11-200 - Water Supply and Treatment Equipment,http://dummyimage.com/116x100.png/dddddd/000000,Ag,95.09
60,"15-950 - Testing, Adjusting, and Balancing",http://dummyimage.com/163x100.png/ff4444/ffffff,Ermanno,69.47
82,10-900 - Wardrobe and Closet Specialties,http://dummyimage.com/220x100.png/ff4444/ffffff,Nelie,49.28
27,6-200 - Finish Carpentry,http://dummyimage.com/102x100.png/cc0000/ffffff,Charlene,117.22
14,2-770 - Curb and Gutters,http://dummyimage.com/116x100.png/5fa2dd/ffffff,Ogdan,68.1
59,7-500 - Membrane Roofing,http://dummyimage.com/179x100.png/dddddd/000000,Clint,149.01
29,2-820 - Fences and Gates,http://dummyimage.com/177x100.png/5fa2dd/ffffff,Pepi,46.8
32,10-200 - Louvers and Vents,http://dummyimage.com/235x100.png/dddddd/000000,Johna,12.27
14,8-400 - Entrances and Storefronts,http://dummyimage.com/126x100.png/5fa2dd/ffffff,Zed,39.44
73,2-820 - Fences and Gates,http://dummyimage.com/196x100.png/dddddd/000000,Karole,8.92
42,5-400 - Cold-Formed Metal Framing,http://dummyimage.com/113x100.png/cc0000/ffffff,Ode,93.84
29,11-090 - Checkroom Equipment,http://dummyimage.com/226x100.png/5fa2dd/ffffff,Levy,42.17
13,5-100 - Structural Metals,http://dummyimage.com/134x100.png/cc0000/ffffff,Welch,39.45
33,2-824 - Wire Fences and Gates,http://dummyimage.com/115x100.png/cc0000/ffffff,Richy,14.47
37,10-520 - Fire Protection Specialties,http://dummyimage.com/245x100.png/5fa2dd/ffffff,Dulsea,111.47
78,12-300 - Manufactured Casework,http://dummyimage.com/172x100.png/5fa2dd/ffffff,Lilly,109.38
74,5-700 - Ornamental Metal,http://dummyimage.com/196x100.png/ff4444/ffffff,Kinnie,130.62
7,10-550 - Postal Specialties,http://dummyimage.com/190x100.png/dddddd/000000,Barth,121.26
3,13-230 - Digester Covers and Appurtenances,http://dummyimage.com/168x100.png/cc0000/ffffff,Bil,59.57
34,1-012 - Superintendent,http://dummyimage.com/208x100.png/cc0000/ffffff,Maureene,102.08
70,5 - Metals,http://dummyimage.com/145x100.png/5fa2dd/ffffff,Devan,75.47
70,14 - Conveying Systems,http://dummyimage.com/125x100.png/ff4444/ffffff,Theda,89.38
57,10-400 - Identification Devices,http://dummyimage.com/181x100.png/dddddd/000000,Nana,30.43
99,3-100 - Concrete Reinforcement,http://dummyimage.com/149x100.png/dddddd/000000,Albert,135.34
47,11-300 - Fluid Waste Treatment and Disposal Equipment,http://dummyimage.com/183x100.png/dddddd/000000,Gaile,137.72
97,11-500 - Industrial and Process Equipment,http://dummyimage.com/180x100.png/ff4444/ffffff,Kamila,126.61
83,1 - General Requirements,http://dummyimage.com/103x100.png/5fa2dd/ffffff,Griffie,54.89
74,2-315 - Excavation,http://dummyimage.com/214x100.png/5fa2dd/ffffff,Violante,79.37
56,9-300 - Tile,http://dummyimage.com/143x100.png/5fa2dd/ffffff,Mikel,64.04
42,5 - Metals,http://dummyimage.com/239x100.png/ff4444/ffffff,Walther,66.36
5,8-200 - Wood and Plastic Doors,http://dummyimage.com/240x100.png/dddddd/000000,Pietrek,35.91
18,14-300 - Escalators and Moving Walks,http://dummyimage.com/161x100.png/5fa2dd/ffffff,Nikolaus,139.02
21,2-260 - Excavation Support and Protection,http://dummyimage.com/158x100.png/5fa2dd/ffffff,Leicester,12.68
76,1-011 - Project Engineer,http://dummyimage.com/102x100.png/dddddd/000000,Karmen,149.23
21,16-700 - Communications,http://dummyimage.com/242x100.png/ff4444/ffffff,Elisabet,73.81
91,9-680 - Carpet,http://dummyimage.com/114x100.png/dddddd/000000,Rosamund,61.51
71,10-700 - Exterior Protection,http://dummyimage.com/153x100.png/cc0000/ffffff,Annadiane,123.98
20,9-300 - Tile,http://dummyimage.com/128x100.png/ff4444/ffffff,Karia,13.19
17,3-540 - Cementitious Underlayments,http://dummyimage.com/235x100.png/5fa2dd/ffffff,Clyve,128.2
90,12-800 - Interior Plants and Planters,http://dummyimage.com/222x100.png/ff4444/ffffff,Ashlan,56.34
93,5-600 - Hydraulic Fabrications,http://dummyimage.com/250x100.png/ff4444/ffffff,Emmey,22.73
79,11 - Equipment,http://dummyimage.com/145x100.png/cc0000/ffffff,Hailey,83.2
85,11-680 - Office Equipment,http://dummyimage.com/228x100.png/cc0000/ffffff,Kirsteni,147.85
47,11-060 - Theater and Stage Equipment,http://dummyimage.com/130x100.png/cc0000/ffffff,Ermanno,133.2
38,"15-950 - Testing, Adjusting, and Balancing",http://dummyimage.com/192x100.png/cc0000/ffffff,Gaspard,36.96
30,2-825 - Wood Fences and Gates,http://dummyimage.com/243x100.png/dddddd/000000,Charline,44.22
96,12-900 - Furnishings Restoration and Repair,http://dummyimage.com/125x100.png/ff4444/ffffff,Sauncho,144.76
92,1-550 - Vehicular Access and Parking,http://dummyimage.com/195x100.png/cc0000/ffffff,Giuditta,33.07
2,3-300 - Footings,http://dummyimage.com/135x100.png/5fa2dd/ffffff,Devland,102.36
45,2-315 - Excavation,http://dummyimage.com/192x100.png/5fa2dd/ffffff,Julieta,39.72
80,1-012 - Superintendent,http://dummyimage.com/229x100.png/dddddd/000000,Annelise,113.88
52,10-820 - Bathroom Accessories,http://dummyimage.com/182x100.png/cc0000/ffffff,Nilson,115.49
69,14-700 - Turntables,http://dummyimage.com/136x100.png/5fa2dd/ffffff,Lion,46.09
61,13-160 - Aquariums,http://dummyimage.com/132x100.png/dddddd/000000,Gardener,91.13
14,1-523 - Sanitary Facilities,http://dummyimage.com/133x100.png/cc0000/ffffff,Bernette,92.31
41,1-520 - Construction Facilities,http://dummyimage.com/133x100.png/cc0000/ffffff,Bar,29.51
43,"13-080 - Sound, Vibration, and Seismic Control",http://dummyimage.com/154x100.png/5fa2dd/ffffff,Madelaine,120.65
7,8-100 - Doors,http://dummyimage.com/107x100.png/ff4444/ffffff,Gladi,7.05
49,6 - Wood and Plastics,http://dummyimage.com/191x100.png/dddddd/000000,Mair,67.39
36,2-850 - Bridges/Footbridges,http://dummyimage.com/143x100.png/cc0000/ffffff,Melvyn,34.02
45,4-700 - Simulated Masonry,http://dummyimage.com/201x100.png/cc0000/ffffff,Aubrie,99.31
51,1-523 - Sanitary Facilities,http://dummyimage.com/110x100.png/ff4444/ffffff,Margery,20.87
80,"10-800 - Toilet, Bath, and Laundry Specialties",http://dummyimage.com/139x100.png/5fa2dd/ffffff,Cami,149.84
47,16-500 - Lighting,http://dummyimage.com/188x100.png/cc0000/ffffff,Aurora,90.92
51,1-511 - Temporary Electricity,http://dummyimage.com/145x100.png/dddddd/000000,Sapphire,18.57
94,9-250 - Gypsum Wallboard,http://dummyimage.com/225x100.png/cc0000/ffffff,Jobye,91.6
2,2-900 - Landscaping,http://dummyimage.com/117x100.png/ff4444/ffffff,Port,90.86
71,11-680 - Office Equipment,http://dummyimage.com/216x100.png/ff4444/ffffff,Helaina,133.73
15,11-500 - Industrial and Process Equipment,http://dummyimage.com/157x100.png/dddddd/000000,Carly,73.51
38,2-310 - Grading,http://dummyimage.com/118x100.png/5fa2dd/ffffff,Valenka,13.97
44,3-320 - Slab Foundations,http://dummyimage.com/239x100.png/cc0000/ffffff,Ashly,111.47
87,2-935 - Plant Maintenance,http://dummyimage.com/121x100.png/cc0000/ffffff,Tammy,10.93
5,11-150 - Parking Control Equipment,http://dummyimage.com/221x100.png/cc0000/ffffff,Delmor,23.19
61,13-170 - Tubs and Pools,http://dummyimage.com/128x100.png/cc0000/ffffff,Nate,91.35
39,14-300 - Escalators and Moving Walks,http://dummyimage.com/249x100.png/dddddd/000000,Kristyn,28.4
14,8-100 - Doors,http://dummyimage.com/195x100.png/5fa2dd/ffffff,Mace,75.09
81,5-600 - Hydraulic Fabrications,http://dummyimage.com/192x100.png/cc0000/ffffff,Em,61.25
89,10-270 - Access Flooring,http://dummyimage.com/161x100.png/cc0000/ffffff,Elenore,70.87
3,2-821 - Chain Link Fences,http://dummyimage.com/224x100.png/5fa2dd/ffffff,Paulie,129.17
30,11-660 - Observatory Equipment,http://dummyimage.com/138x100.png/5fa2dd/ffffff,Lianne,99.26
50,3 - Concrete,http://dummyimage.com/169x100.png/5fa2dd/ffffff,Carla,6.85
77,"7-300 - Shingles, Roof Tiles, and Roof Coverings",http://dummyimage.com/229x100.png/ff4444/ffffff,Zena,48.2
16,15 - Mechanical,http://dummyimage.com/105x100.png/cc0000/ffffff,Alick,80.88
69,1-517 - Temporary Telephone,http://dummyimage.com/222x100.png/5fa2dd/ffffff,Quintilla,129.34
92,3-500 - Cementitious Decks and Underlayments,http://dummyimage.com/179x100.png/5fa2dd/ffffff,Egon,131.21
37,1-740 - Cleaning,http://dummyimage.com/185x100.png/ff4444/ffffff,Darb,76.24
15,6-500 - Structural Plastics,http://dummyimage.com/176x100.png/dddddd/000000,Stillman,130.96
99,1-580 - Project Identification,http://dummyimage.com/149x100.png/5fa2dd/ffffff,Andriette,51.54
7,13-280 - Hazardous Material Remediation,http://dummyimage.com/140x100.png/cc0000/ffffff,Meade,77.29
98,"15-700 - Heating, Venting and Air Conditioning",http://dummyimage.com/171x100.png/5fa2dd/ffffff,Bastian,32.48
59,"15-950 - Testing, Adjusting, and Balancing",http://dummyimage.com/230x100.png/ff4444/ffffff,Lynn,79.14
21,1-518 - Temporary Water,http://dummyimage.com/119x100.png/cc0000/ffffff,Alexa,77.43
68,6-200 - Finish Carpentry,http://dummyimage.com/133x100.png/ff4444/ffffff,Ugo,108.43
33,1-570 - Temporary Controls,http://dummyimage.com/164x100.png/ff4444/ffffff,Donnie,121.09
42,12-600 - Multiple Seating,http://dummyimage.com/128x100.png/ff4444/ffffff,Carey,127.22
61,3-300 - Footings,http://dummyimage.com/174x100.png/ff4444/ffffff,Vilhelmina,82.03
39,"15-700 - Heating, Venting and Air Conditioning",http://dummyimage.com/118x100.png/5fa2dd/ffffff,Cort,132.26
3,11-650 - Planetarium Equipment,http://dummyimage.com/195x100.png/dddddd/000000,Cynthy,86.09
31,13-700 - Security Access and Surveillance,http://dummyimage.com/114x100.png/cc0000/ffffff,Galvan,124.6
67,14 - Conveying Systems,http://dummyimage.com/246x100.png/cc0000/ffffff,Raf,56.97
45,5-300 - Metal Deck,http://dummyimage.com/162x100.png/dddddd/000000,Kirstin,14.2
6,1-712 - Local Conditions,http://dummyimage.com/176x100.png/cc0000/ffffff,Constancia,36.15
74,16 - Electrical,http://dummyimage.com/138x100.png/ff4444/ffffff,Asia,25.37
84,13-090 - Radiation Protection,http://dummyimage.com/154x100.png/ff4444/ffffff,Blinni,70.81
35,2-316 - Backfilling,http://dummyimage.com/109x100.png/dddddd/000000,Dylan,109.31
49,13-200 - Storage Tanks,http://dummyimage.com/215x100.png/dddddd/000000,Abbe,149.97
97,10 - Specialties,http://dummyimage.com/232x100.png/5fa2dd/ffffff,Ruddie,112.27
69,1 - General Requirements,http://dummyimage.com/236x100.png/cc0000/ffffff,Cassie,57.09
37,7-500 - Membrane Roofing,http://dummyimage.com/221x100.png/ff4444/ffffff,Norris,26.42
62,2-310 - Grading,http://dummyimage.com/186x100.png/ff4444/ffffff,Luca,143.98
12,"13-080 - Sound, Vibration, and Seismic Control",http://dummyimage.com/206x100.png/5fa2dd/ffffff,Glen,109.01
85,7-700 - Roof Specialties and Accessories,http://dummyimage.com/156x100.png/cc0000/ffffff,Siffre,21.3
65,10-260 - Wall and Corner Guards,http://dummyimage.com/146x100.png/ff4444/ffffff,Burk,5.4
50,12 - Furnishings,http://dummyimage.com/180x100.png/ff4444/ffffff,Nona,20.36
33,2-260 - Excavation Support and Protection,http://dummyimage.com/244x100.png/dddddd/000000,La verne,100.78
43,11-060 - Theater and Stage Equipment,http://dummyimage.com/242x100.png/dddddd/000000,Margi,147.21
73,3-350 - Concrete Finishing,http://dummyimage.com/137x100.png/5fa2dd/ffffff,Valery,66.24
34,15 - Mechanical,http://dummyimage.com/101x100.png/ff4444/ffffff,Robena,140.52
99,11-110 - Commercial Laundry and Dry Cleaning Equipment,http://dummyimage.com/249x100.png/dddddd/000000,Paxon,67.36
68,4-600 - Corrosion-Resistant Masonry,http://dummyimage.com/119x100.png/dddddd/000000,Cindi,79.81
29,11-680 - Office Equipment,http://dummyimage.com/172x100.png/5fa2dd/ffffff,Herculie,73.45
72,2-200 - Site Preparation,http://dummyimage.com/228x100.png/dddddd/000000,Damaris,47.51
85,1-500 - Temporary Facilities and Controls,http://dummyimage.com/209x100.png/5fa2dd/ffffff,Shawn,20.48
28,11-190 - Detention Equipment,http://dummyimage.com/163x100.png/ff4444/ffffff,Carlene,8.16
98,3-300 - Footings,http://dummyimage.com/130x100.png/5fa2dd/ffffff,Charisse,140.79
83,8-300 - Specialty Doors,http://dummyimage.com/106x100.png/ff4444/ffffff,Guillema,32.18
65,11-120 - Vending Equipment,http://dummyimage.com/210x100.png/ff4444/ffffff,Ronnie,51.87
14,11-100 - Mercantile Equipment,http://dummyimage.com/130x100.png/cc0000/ffffff,Garrik,4.79
9,5-900 - Metal Restoration and Cleaning,http://dummyimage.com/236x100.png/ff4444/ffffff,Patton,6.26
84,7-800 - Fire and Smoke Protection,http://dummyimage.com/208x100.png/ff4444/ffffff,Sylvia,85.93
72,1-580 - Project Identification,http://dummyimage.com/156x100.png/5fa2dd/ffffff,Leland,142.12
55,1-000 - Purpose,http://dummyimage.com/105x100.png/cc0000/ffffff,Bone,38.58
70,12-050 - Fabrics,http://dummyimage.com/142x100.png/dddddd/000000,Jeff,40.94
32,4 - Masonry,http://dummyimage.com/149x100.png/ff4444/ffffff,Trula,36.61
89,12-800 - Interior Plants and Planters,http://dummyimage.com/217x100.png/ff4444/ffffff,Lammond,109.79
35,10-700 - Exterior Protection,http://dummyimage.com/164x100.png/5fa2dd/ffffff,Arlinda,137.74
50,11-870 - Agricultural Equipment,http://dummyimage.com/218x100.png/5fa2dd/ffffff,Thomasa,42.78
29,3-100 - Concrete Reinforcement,http://dummyimage.com/135x100.png/dddddd/000000,Mala,65.15
86,5 - Metals,http://dummyimage.com/235x100.png/5fa2dd/ffffff,Quintin,72.06
21,4-800 - Masonry Assemblies,http://dummyimage.com/246x100.png/ff4444/ffffff,Berte,3.45
12,5-100 - Structural Metals,http://dummyimage.com/110x100.png/5fa2dd/ffffff,Bertina,75.84
9,2-750 - Concrete Pads and Walks,http://dummyimage.com/201x100.png/dddddd/000000,Brody,8.67
40,11-050 - Library Equipment,http://dummyimage.com/110x100.png/dddddd/000000,Drusy,43.36
54,9-500 - Ceilings,http://dummyimage.com/152x100.png/dddddd/000000,Rubin,89.97
29,11-190 - Detention Equipment,http://dummyimage.com/234x100.png/5fa2dd/ffffff,Iggie,103.15
56,10-290 - Pest Control,http://dummyimage.com/187x100.png/ff4444/ffffff,Jerome,130.99
39,8-600 - Skylights,http://dummyimage.com/159x100.png/ff4444/ffffff,Cross,126.56
55,1-010 - Project Manager,http://dummyimage.com/203x100.png/ff4444/ffffff,Woodrow,5.34
94,1-517 - Temporary Telephone,http://dummyimage.com/172x100.png/ff4444/ffffff,Matteo,62.64
13,8-300 - Specialty Doors,http://dummyimage.com/148x100.png/dddddd/000000,Nessy,116.66
99,1-510 - Temporary Utilities,http://dummyimage.com/228x100.png/dddddd/000000,Goldia,117.71
39,9-250 - Gypsum Wallboard,http://dummyimage.com/209x100.png/5fa2dd/ffffff,Deloria,134.16
40,2-250 - Shoring and Underpinning,http://dummyimage.com/113x100.png/dddddd/000000,Rena,54.11
83,15-900 - HVAC Instruments and Controls,http://dummyimage.com/194x100.png/dddddd/000000,Bel,75.19
43,13-280 - Hazardous Material Remediation,http://dummyimage.com/146x100.png/dddddd/000000,Modestine,119.25
4,5-800 - Expansion Control,http://dummyimage.com/210x100.png/5fa2dd/ffffff,Hestia,101.94
1,2-316 - Backfilling,http://dummyimage.com/171x100.png/cc0000/ffffff,Molly,78.11
53,10-880 - Scales,http://dummyimage.com/209x100.png/5fa2dd/ffffff,Tiebout,64.22
7,7-100 - Damproofing and Waterproofing,http://dummyimage.com/205x100.png/cc0000/ffffff,Celina,34.54
42,11-020 - Security and Vault Equipment,http://dummyimage.com/186x100.png/5fa2dd/ffffff,Arliene,128.69
69,10-450 - Pedestrian Control Devices,http://dummyimage.com/186x100.png/dddddd/000000,Shannah,138.38
57,2-932 - PLants and Bulbs,http://dummyimage.com/185x100.png/ff4444/ffffff,Karena,11.27
23,11-100 - Mercantile Equipment,http://dummyimage.com/226x100.png/5fa2dd/ffffff,Justus,132.11
27,2-625 - Retaining Wall Drainage Piping,http://dummyimage.com/190x100.png/dddddd/000000,Marylin,133.13
30,1-014 - Project Executive,http://dummyimage.com/195x100.png/ff4444/ffffff,Theo,125.85
69,8-600 - Skylights,http://dummyimage.com/224x100.png/ff4444/ffffff,Giffard,44.97
84,7 - Thermal and Moisture Protection,http://dummyimage.com/168x100.png/5fa2dd/ffffff,Constantina,83.16
75,2-780 - Clay Unit Pavers,http://dummyimage.com/212x100.png/cc0000/ffffff,Hermione,65.49
19,2-900 - Landscaping,http://dummyimage.com/204x100.png/dddddd/000000,Chicky,71.55
59,2-220 - Site Demolition,http://dummyimage.com/235x100.png/ff4444/ffffff,Adara,75.91
45,7-400 - Roofing and Siding Panels,http://dummyimage.com/218x100.png/cc0000/ffffff,Herman,148.75
13,13 - Special Construction,http://dummyimage.com/214x100.png/dddddd/000000,Muffin,27.22
41,14-700 - Turntables,http://dummyimage.com/244x100.png/cc0000/ffffff,Suzanne,108.7
23,"11-480 - Athletic, Recreational, and Therapeutic Equipment",http://dummyimage.com/244x100.png/dddddd/000000,Drew,112.51
28,11-200 - Water Supply and Treatment Equipment,http://dummyimage.com/161x100.png/ff4444/ffffff,Dotty,138.89
84,4-500 - Refractories,http://dummyimage.com/246x100.png/5fa2dd/ffffff,Antonietta,57.4
50,11-030 - Teller and Service Equipment,http://dummyimage.com/115x100.png/dddddd/000000,Bren,59.22
95,10-240 - Grilles and Screens,http://dummyimage.com/188x100.png/dddddd/000000,Clementina,148.77
66,4-600 - Corrosion-Resistant Masonry,http://dummyimage.com/170x100.png/5fa2dd/ffffff,Gwenore,107.4
91,10-350 - Flagpoles,http://dummyimage.com/117x100.png/5fa2dd/ffffff,Emmalynn,79.76
73,10-100 - Visual Display Boards,http://dummyimage.com/103x100.png/ff4444/ffffff,Caresa,114.67
31,11-500 - Industrial and Process Equipment,http://dummyimage.com/119x100.png/ff4444/ffffff,Davidson,63.68
25,10-520 - Fire Protection Specialties,http://dummyimage.com/154x100.png/dddddd/000000,Ailyn,25.13
77,"1-514 - Temporary Heating, Cooling and Ventilation",http://dummyimage.com/230x100.png/dddddd/000000,Karmen,142.0
73,13-110 - Cathodic Protection,http://dummyimage.com/198x100.png/5fa2dd/ffffff,Lorita,20.69
6,2-824 - Wire Fences and Gates,http://dummyimage.com/159x100.png/ff4444/ffffff,Chicky,3.75
39,8-200 - Wood and Plastic Doors,http://dummyimage.com/157x100.png/cc0000/ffffff,Cad,75.44
57,14-800 - Scaffolding,http://dummyimage.com/151x100.png/5fa2dd/ffffff,Raddy,95.26
46,2-621 - Foundatation Drainage Piping,http://dummyimage.com/148x100.png/ff4444/ffffff,Lyndy,94.92
77,9-250 - Gypsum Wallboard,http://dummyimage.com/109x100.png/5fa2dd/ffffff,Inge,127.52
99,"11-480 - Athletic, Recreational, and Therapeutic Equipment",http://dummyimage.com/104x100.png/cc0000/ffffff,Corilla,137.65
86,12-400 - Furnishings and Accessories,http://dummyimage.com/123x100.png/cc0000/ffffff,Mill,83.05
58,2-812 - Drip Irrigation,http://dummyimage.com/150x100.png/ff4444/ffffff,Theresina,41.21
2,2-821 - Chain Link Fences,http://dummyimage.com/242x100.png/cc0000/ffffff,Bent,14.8
9,10-200 - Louvers and Vents,http://dummyimage.com/206x100.png/5fa2dd/ffffff,Jobye,65.65
30,9-500 - Ceilings,http://dummyimage.com/210x100.png/ff4444/ffffff,Quillan,108.93
45,11-460 - Unit Kitchens,http://dummyimage.com/214x100.png/cc0000/ffffff,Thor,54.38
79,11-460 - Unit Kitchens,http://dummyimage.com/157x100.png/dddddd/000000,Madelyn,10.96
83,13-190 - Site-Constructed Incinerators,http://dummyimage.com/223x100.png/cc0000/ffffff,Ninon,68.13
71,11-120 - Vending Equipment,http://dummyimage.com/202x100.png/ff4444/ffffff,Loren,67.95
94,10-260 - Wall and Corner Guards,http://dummyimage.com/123x100.png/cc0000/ffffff,Glynnis,117.87
1,8-200 - Wood and Plastic Doors,http://dummyimage.com/185x100.png/dddddd/000000,Caldwell,86.32
91,2-312 - Rough Grading,http://dummyimage.com/130x100.png/ff4444/ffffff,Austen,107.02
96,14-100 - Dumbwaiters,http://dummyimage.com/130x100.png/dddddd/000000,Roselle,54.62
76,2 - Site Construction,http://dummyimage.com/161x100.png/dddddd/000000,Stu,138.85
81,1-500 - Temporary Facilities and Controls,http://dummyimage.com/182x100.png/dddddd/000000,Ram,92.73
58,15-200 - Process Piping,http://dummyimage.com/118x100.png/cc0000/ffffff,Susanne,89.17
87,11-700 - Medical Equipment,http://dummyimage.com/208x100.png/dddddd/000000,Laura,44.28
81,1-523 - Sanitary Facilities,http://dummyimage.com/164x100.png/5fa2dd/ffffff,Kally,3.94
74,2-621 - Foundatation Drainage Piping,http://dummyimage.com/233x100.png/ff4444/ffffff,Kathi,116.69
87,13-550 - Transportation Control Instrumentation,http://dummyimage.com/155x100.png/ff4444/ffffff,Martino,30.26
10,10 - Specialties,http://dummyimage.com/215x100.png/ff4444/ffffff,Benni,58.52
87,7-050 - Basic Thermal and Moisture Protection Materials and Methods,http://dummyimage.com/160x100.png/ff4444/ffffff,Fritz,79.38
2,16-200 - Electrical Power,http://dummyimage.com/236x100.png/cc0000/ffffff,Zulema,144.09
28,5-600 - Hydraulic Fabrications,http://dummyimage.com/220x100.png/5fa2dd/ffffff,Benyamin,50.65
71,11-120 - Vending Equipment,http://dummyimage.com/197x100.png/ff4444/ffffff,Dex,120.5
27,16-400 - Low-Voltage Distribution,http://dummyimage.com/176x100.png/cc0000/ffffff,Barnebas,128.97
73,1-002 - Instructions,http://dummyimage.com/172x100.png/dddddd/000000,Kass,71.83
27,11-470 - Darkroom Equipment,http://dummyimage.com/237x100.png/cc0000/ffffff,Aleda,76.86
73,1-002 - Instructions,http://dummyimage.com/215x100.png/cc0000/ffffff,Nicko,41.39
8,15-100 - Plumbing,http://dummyimage.com/244x100.png/cc0000/ffffff,Marney,54.66
30,3-100 - Concrete Reinforcement,http://dummyimage.com/193x100.png/ff4444/ffffff,Hedvig,73.46
39,4-700 - Simulated Masonry,http://dummyimage.com/201x100.png/cc0000/ffffff,Harmonia,108.46
45,16-100 - Electrical,http://dummyimage.com/223x100.png/ff4444/ffffff,Othello,2.8
99,17-030 - Bond,http://dummyimage.com/167x100.png/5fa2dd/ffffff,Gwenette,107.49
25,1-011 - Project Engineer,http://dummyimage.com/145x100.png/5fa2dd/ffffff,Miguelita,115.57
31,1-013 - Project Coordinator,http://dummyimage.com/237x100.png/ff4444/ffffff,Shanon,145.9
20,2-821 - Chain Link Fences,http://dummyimage.com/158x100.png/cc0000/ffffff,Jonis,36.16
37,4-050 - Basic Masonry Materials and Methods,http://dummyimage.com/217x100.png/5fa2dd/ffffff,Brannon,19.23
45,11-600 - Laboratory Equipment,http://dummyimage.com/152x100.png/dddddd/000000,Benny,113.89
37,1-014 - Project Executive,http://dummyimage.com/227x100.png/dddddd/000000,Howie,59.75
18,11-600 - Laboratory Equipment,http://dummyimage.com/224x100.png/5fa2dd/ffffff,Phyllida,5.07
65,10-260 - Wall and Corner Guards,http://dummyimage.com/146x100.png/5fa2dd/ffffff,Cleve,49.06
57,1-580 - Project Identification,http://dummyimage.com/224x100.png/5fa2dd/ffffff,Adelaida,111.17
41,13-185 - Kennels and Animal Shelters,http://dummyimage.com/203x100.png/dddddd/000000,Kristyn,23.27
77,11-010 - Maintenance Equipment,http://dummyimage.com/223x100.png/cc0000/ffffff,Benedict,105.43
6,15-600 - Refrigeration Equipment,http://dummyimage.com/248x100.png/dddddd/000000,Arleta,144.61
72,3-300 - Footings,http://dummyimage.com/149x100.png/ff4444/ffffff,Maurene,121.91
69,2-824 - Wire Fences and Gates,http://dummyimage.com/170x100.png/cc0000/ffffff,Lorry,10.05
35,12-100 - Art,http://dummyimage.com/172x100.png/5fa2dd/ffffff,Benni,98.2
72,14 - Conveying Systems,http://dummyimage.com/140x100.png/cc0000/ffffff,Alexandro,38.8
45,1-000 - Purpose,http://dummyimage.com/182x100.png/ff4444/ffffff,Doug,132.6
35,2-260 - Excavation Support and Protection,http://dummyimage.com/127x100.png/cc0000/ffffff,Raimund,35.71
93,1-560 - Temporary Barriers and Enclosures,http://dummyimage.com/235x100.png/dddddd/000000,Gerrie,117.08
38,"15-700 - Heating, Venting and Air Conditioning",http://dummyimage.com/157x100.png/dddddd/000000,Johnny,92.38
5,2-870 - Sculpture/Ornamental,http://dummyimage.com/198x100.png/cc0000/ffffff,Sybil,104.18
5,2-316 - Backfilling,http://dummyimage.com/204x100.png/cc0000/ffffff,Natty,90.84
2,14-400 - Lifts,http://dummyimage.com/146x100.png/5fa2dd/ffffff,Tabatha,30.0
82,11-130 - Audio-Visual Equipment,http://dummyimage.com/199x100.png/cc0000/ffffff,Chariot,35.45
28,6-500 - Structural Plastics,http://dummyimage.com/112x100.png/5fa2dd/ffffff,Vivi,58.14
79,6-050 - Basic Wood and Plastic Materials and Methods,http://dummyimage.com/146x100.png/5fa2dd/ffffff,Chen,36.48
87,13-400 - Measurement and Control Instrumentation,http://dummyimage.com/197x100.png/dddddd/000000,Edi,49.71
87,3-210 - Cast-In-Place Concrete,http://dummyimage.com/114x100.png/dddddd/000000,Sayres,71.83
92,9-300 - Tile,http://dummyimage.com/239x100.png/dddddd/000000,Emma,99.65
70,8-300 - Specialty Doors,http://dummyimage.com/144x100.png/dddddd/000000,Antonetta,20.37
60,2-917 - Soil Preparation,http://dummyimage.com/114x100.png/ff4444/ffffff,Sondra,12.16
55,2-200 - Site Preparation,http://dummyimage.com/184x100.png/ff4444/ffffff,Cynthia,108.38
85,1-740 - Cleaning,http://dummyimage.com/166x100.png/5fa2dd/ffffff,Maud,102.29
93,10-350 - Flagpoles,http://dummyimage.com/121x100.png/dddddd/000000,Trudey,37.86
36,2-230 - Site Clearing,http://dummyimage.com/111x100.png/cc0000/ffffff,Hanni,137.45
38,3-540 - Cementitious Underlayments,http://dummyimage.com/102x100.png/cc0000/ffffff,Bernardina,104.23
93,11-020 - Security and Vault Equipment,http://dummyimage.com/199x100.png/5fa2dd/ffffff,Faustina,142.24
80,2-923 - Seeding and Soil Supplements,http://dummyimage.com/249x100.png/dddddd/000000,Ephrem,101.77
85,3-210 - Cast-In-Place Concrete,http://dummyimage.com/134x100.png/cc0000/ffffff,Wayne,115.13
25,3-400 - Precast Concrete,http://dummyimage.com/219x100.png/dddddd/000000,Luigi,149.07
19,1-011 - Project Engineer,http://dummyimage.com/219x100.png/ff4444/ffffff,Merry,107.47
77,11-060 - Theater and Stage Equipment,http://dummyimage.com/118x100.png/ff4444/ffffff,Kayne,142.12
13,5-400 - Cold-Formed Metal Framing,http://dummyimage.com/205x100.png/cc0000/ffffff,Audy,104.05
21,16-700 - Communications,http://dummyimage.com/100x100.png/cc0000/ffffff,Amii,14.6
14,13-280 - Hazardous Material Remediation,http://dummyimage.com/229x100.png/5fa2dd/ffffff,Danyette,1.06
70,2-230 - Site Clearing,http://dummyimage.com/122x100.png/5fa2dd/ffffff,Pamela,70.07
25,3-210 - Cast-In-Place Concrete,http://dummyimage.com/111x100.png/dddddd/000000,Lorrayne,127.42
59,1-518 - Temporary Water,http://dummyimage.com/107x100.png/5fa2dd/ffffff,Gavan,141.48
70,13-120 - Pre-Engineered Structures,http://dummyimage.com/190x100.png/dddddd/000000,Ruth,19.28
76,6-600 - Plastic Fabrications,http://dummyimage.com/156x100.png/dddddd/000000,Cassie,22.13
81,5-500 - Metal Fabrications,http://dummyimage.com/132x100.png/dddddd/000000,Bernita,24.68
11,4 - Masonry,http://dummyimage.com/143x100.png/ff4444/ffffff,Mahmoud,73.98
